ITEM_ID,2020-01-01,2020-02-01,2020-03-01,2020-04-01,2020-05-01,2020-06-01,2020-07-01,2020-08-01,2020-09-01,2020-10-01,2020-11-01,2020-12-01,2021-01-01,2021-02-01,2021-03-01,2021-04-01,2021-05-01,2021-06-01,2021-07-01,2021-08-01,2021-09-01,2021-10-01,2021-11-01,2021-12-01,2022-01-01,2022-02-01,2022-03-01,2022-04-01,2022-05-01,2022-06-01,2022-07-01,2022-08-01,2022-09-01,2022-10-01,2022-11-01,2022-12-01,2023-01-01,2023-02-01,2023-03-01,2023-04-01,2023-05-01,2023-06-01,2023-07-01,2023-08-01,2023-09-01,2023-10-01,2023-11-01,2023-12-01,2024-01-01,2024-02-01,2024-03-01,2024-04-01,2024-05-01,2024-06-01,2024-07-01,2024-08-01,2024-09-01,2024-10-01,2024-11-01,2024-12-01,2025-01-01,2025-02-01
220107,,0,0,2,-0,-2,-0,-16,18,1,-0,1,-2,0,0,0,-0,0,-1,0,0,3,0,0,-3,0,1,3,1,1,1,2,-0,1,1,0,-10,3,0,1,1,1,0,1,0,0,1,0,-8,1,0,1,0,1,0,0,1,0,-0,0,-5,1
220116,,1,0,-0,0,0,1,-16,13,1,-0,2,0,0,0,0,-1,1,0,-0,0,2,0,1,-3,0,1,2,1,0,0,0,-0,0,1,1,-14,9,1,0,1,0,-0,1,1,1,0,0,-14,3,0,1,1,0,0,0,0,0,0,0,-8,4
220117,,1,0,-0,0,0,0,-18,14,2,-0,0,5,0,0,0,0,-1,0,0,0,2,0,1,-3,0,0,2,1,0,0,2,-0,0,2,0,-7,2,1,1,0,0,0,1,1,1,0,0,-7,1,0,1,0,0,0,0,0,0,0,0,-3,2
220121,,1,-0,-0,0,0,0,-16,16,1,-0,1,0,0,0,0,0,3,-0,-0,1,1,1,0,-7,1,1,2,0,1,-0,1,0,1,1,1,-7,1,0,1,0,1,0,1,0,2,0,0,-8,1,1,1,1,-0,0,0,0,1,0,0,-5,1
220122,,1,-0,2,-0,-2,-1,-14,15,0,-0,1,0,0,0,0,4,0,-1,-0,0,1,1,1,-7,-0,0,3,0,0,1,0,0,0,1,1,-8,1,1,2,1,-0,1,0,1,1,0,0,-7,1,1,1,0,-0,1,0,0,0,-0,0,-4,0
220123,,0,0,-0,0,0,2,0,0,-0,-0,0,-2,0,0,0,1,0,-0,0,0,2,0,0,-3,0,0,1,0,0,1,0,0,1,0,0,-1,0,0,1,0,0,3,0,0,1,0,0,-4,0,0,4,0,0,1,0,0,2,0,0,-5,0
220124,,1,-0,-0,2,-2,1,-13,11,1,-0,1,0,0,0,0,3,0,0,-0,1,1,1,0,-6,0,2,2,0,1,0,2,1,1,1,0,-10,1,1,1,2,-0,1,0,1,-0,2,1,-7,0,0,1,1,0,1,0,0,-0,0,0,-4,0
220125,,0,0,-0,0,0,1,-16,13,2,-0,1,2,0,0,0,0,-0,-0,0,0,2,0,1,-4,0,0,1,0,0,0,1,0,0,2,1,-5,2,1,1,1,1,-0,1,0,1,1,-0,-8,1,0,1,1,0,0,0,0,0,0,0,-4,1
220128,,1,-0,2,-0,-2,1,-14,14,0,-0,2,-1,0,0,0,4,-0,0,1,-1,1,1,1,-7,1,0,2,1,0,1,1,1,1,1,1,-9,0,1,2,1,1,1,1,0,1,0,0,-8,0,1,1,0,0,1,0,-0,1,0,0,-4,0
220208,,0,0,2,-0,0,0,-14,12,-2,-10,9,3,0,0,0,0,1,-3,-0,2,7,-0,-2,-5,-0,1,2,2,-0,-0,0,1,1,-2,-1,-3,0,2,1,-1,2,1,1,1,0,-0,-0,-6,1,0,1,-0,-0,-0,1,0,1,-1,0,-3,0
220209,,0,0,-2,0,0,1,0,1,0,-0,0,-1,-0,0,-0,1,-0,0,0,1,-0,0,0,-1,0,0,0,1,0,0,0,1,0,0,0,-0,0,0,0,1,0,0,0,-28,1,0,0,36,0,0,0,-4,0,0,0,-11,0,0,0,14,0
220210,,0,0,-2,1,0,2,0,-1,0,-0,0,0,-0,0,-0,0,0,0,0,1,-0,0,0,-1,0,0,0,2,-0,0,0,2,0,0,0,-2,0,0,0,0,0,0,0,3,-0,0,0,-9,0,0,0,2,-0,0,0,2,0,0,0,-3,0
220214,,0,-0,2,-0,0,0,-11,7,-0,-9,8,4,0,0,0,0,3,1,1,0,2,-0,0,-7,-0,2,10,-3,-2,-1,2,7,-3,0,8,-19,-0,-2,0,1,1,-1,-0,1,-1,-0,0,0,-1,1,2,0,1,-1,1,2,2,-1,0,-5,2
220301,,0,0,-1,-1,2,2,-0,0,0,0,0,-4,0,0,0,0,1,0,0,1,1,1,1,-5,1,1,4,3,1,1,1,1,2,0,1,-15,1,1,1,1,1,2,0,0,1,0,0,-8,0,1,1,0,0,0,1,0,0,0,0,-3,1
220303,,1,1,2,-0,-0,-0,-1,0,1,2,-1,-3,0,1,0,0,-1,-0,-0,0,1,1,1,-0,0,1,1,0,2,1,0,0,2,0,0,-8,1,1,1,1,0,-1,1,-0,1,1,0,-6,-0,0,-0,0,0,1,0,-0,0,0,0,-3,0
220310,,0,0,-0,0,0,1,-13,15,1,-0,-0,-1,0,0,0,1,1,0,0,0,0,0,0,-3,0,0,1,0,0,0,-0,0,1,2,1,-6,1,1,0,0,0,0,1,1,1,0,0,-6,0,0,1,0,0,1,0,0,0,0,-0,-3,0
220316,,0,0,7,-0,-0,1,-6,0,0,2,0,-4,0,0,0,0,-1,0,-0,0,0,-0,0,-1,-0,-0,2,1,1,2,0,0,2,1,1,-8,1,2,2,-0,1,1,0,0,-0,2,1,-12,0,1,1,0,1,-0,0,0,0,1,0,-7,0
220318,,0,-0,3,-1,-0,0,-3,1,1,0,0,-2,0,-0,0,-1,1,0,0,0,0,1,0,-2,0,0,1,2,1,0,1,1,0,0,1,-8,0,0,1,1,1,-0,1,0,1,1,0,-5,1,0,0,0,1,0,0,-0,0,0,0,-3,0
220319,,1,0,2,-1,1,0,-0,0,-0,2,0,-4,-0,0,-0,-1,1,0,0,0,1,0,1,-2,0,1,1,1,1,1,1,0,1,1,1,-9,0,1,1,0,0,0,0,1,0,1,0,-4,0,0,1,0,0,-0,0,1,0,-0,0,-3,0
220320,,2,0,1,-0,3,-1,-2,-0,1,0,0,-3,1,-0,-2,-1,0,-0,0,0,0,0,2,-1,3,-0,1,1,1,1,0,1,2,2,-0,-9,0,1,0,0,3,1,2,0,0,0,0,-8,0,0,0,0,-0,0,1,1,0,0,0,-2,0
220323,,0,0,2,-0,0,0,-0,1,1,0,0,-4,1,0,0,-1,1,0,0,1,1,0,1,-3,1,1,3,1,2,1,1,0,1,1,0,-11,1,0,1,1,1,1,1,-0,1,0,1,-7,2,0,1,1,1,0,0,0,1,-0,0,-7,3
220324,,0,0,-0,0,0,1,1,-2,1,-0,1,-2,0,0,0,1,0,1,-0,0,0,0,0,-3,0,0,0,0,0,0,1,0,0,1,1,-3,0,0,1,0,1,0,0,0,0,2,1,-4,0,0,0,0,0,0,1,1,0,0,0,-3,0
220326,,-0,0,1,2,1,1,-3,0,0,2,1,-4,1,0,-0,-0,0,-0,1,0,1,0,0,-3,0,1,2,3,1,1,1,0,2,1,1,-13,1,1,1,1,1,-0,2,0,0,1,-0,-6,-0,0,1,1,1,-0,-0,0,0,0,-0,-2,0
220327,,-0,0,0,-1,2,2,-1,0,-0,-1,-0,-0,0,-1,0,0,0,1,-0,0,-0,0,0,0,0,1,1,1,3,0,1,0,3,1,0,-7,1,0,1,0,0,1,-0,0,0,0,0,-3,0,0,1,0,0,1,0,0,-0,0,1,-2,0
220328,,0,0,5,1,-1,-2,-5,4,0,0,0,-3,1,-0,0,0,1,0,1,0,1,0,1,-4,1,0,3,2,1,1,3,2,1,0,2,-13,1,1,1,0,1,2,0,0,0,1,0,-8,0,0,1,1,0,0,0,0,0,0,-0,-3,1
220329,,,,,,,,,,,,,,,,,,,,,,,,,,,,,,,,,,,,,,,,,,,,,,,,,,1,1,1,0,0,1,0,0,0,0,0,-4,0
310102,,0,0,-0,0,0,3,-2,0,-0,-0,-0,-0,0,0,0,1,0,0,0,0,2,-1,-0,-3,0,2,1,0,-0,1,0,-1,1,2,0,-8,5,1,1,0,0,-0,1,-0,1,1,0,-10,1,0,1,0,0,0,0,-0,-0,0,0,-11,11
310109,,0,0,-0,0,0,2,-0,0,0,-0,1,-3,0,0,0,1,0,-0,0,0,1,1,0,-4,0,1,1,0,0,-0,0,0,0,1,1,-7,3,1,1,0,0,0,1,-0,1,0,0,-8,1,0,1,0,0,0,0,-1,0,0,-0,-2,0
310110,,0,-1,-0,0,0,1,-0,0,-0,-0,-1,1,0,0,0,1,0,0,0,0,1,0,0,-4,0,1,2,0,-0,0,1,0,0,1,1,-7,2,1,1,1,0,0,1,-0,1,0,0,-7,1,0,1,0,0,0,0,0,0,0,0,-4,0
310111,,-0,1,-0,0,0,2,1,0,-0,-0,1,-3,0,0,0,2,-0,-0,0,0,1,-1,1,-4,0,2,2,0,0,-0,1,0,0,1,1,-8,2,1,1,0,-0,-0,1,1,1,0,0,-6,1,0,1,0,0,0,0,0,0,0,0,-4,1
310114,,0,0,-0,0,0,2,0,-0,0,-0,-0,-2,0,0,0,1,-1,-0,0,-0,2,0,0,-4,0,1,2,-0,0,0,0,0,0,1,1,-8,4,1,1,1,0,0,0,0,0,0,0,-8,2,0,1,-0,-0,0,0,-0,-1,0,0,-1,1
310301,,0,1,-0,0,0,2,-0,-2,-0,-0,-0,0,0,0,0,-1,1,3,1,0,1,-16,-0,12,1,9,2,0,0,0,0,-5,0,8,1,-20,8,1,1,1,0,0,1,1,1,0,0,-13,1,0,1,0,0,0,0,0,-0,0,0,-3,0
310302,,0,0,-0,0,0,2,-0,-3,-0,-0,-2,3,0,0,0,1,0,3,1,1,1,1,1,-9,1,1,2,0,0,0,1,0,1,1,1,-8,2,1,1,1,0,0,1,1,1,1,0,-8,1,0,1,0,0,0,0,0,0,0,0,-3,0
310306,,0,0,-0,0,0,2,-13,14,1,-0,0,-2,0,0,0,1,1,0,-0,0,-2,0,1,-2,0,0,1,0,0,-0,0,0,0,0,0,-3,2,0,0,0,-0,0,1,0,0,-0,0,-5,-2,0,1,0,0,0,-0,-0,1,0,0,-0,0
310307,,0,0,-0,0,0,2,-1,-4,-1,-0,-4,7,0,0,0,1,0,5,1,1,2,-0,1,-11,0,1,2,0,0,0,1,0,1,1,1,-9,2,1,1,0,0,0,1,1,1,1,0,-7,1,0,1,1,0,0,0,1,0,0,0,-4,1
310310,,0,0,-0,0,0,2,-0,0,1,-0,1,-3,0,0,0,2,-1,0,0,1,1,-10,-0,5,-0,4,1,0,1,1,2,0,1,2,0,-10,2,0,1,2,1,0,2,1,0,0,0,-8,1,0,1,0,1,0,0,0,0,0,-0,-5,2
310315,,-0,0,-0,0,0,1,-0,1,0,-0,7,-8,0,0,0,2,0,0,0,0,0,0,0,-4,0,0,1,1,1,0,0,1,0,0,1,-6,1,0,1,1,1,0,1,1,1,0,1,-6,0,1,1,0,0,0,0,0,1,0,0,-4,0
310316,,0,0,-0,0,0,2,0,-4,0,-0,-4,6,0,0,0,1,1,3,1,1,2,-7,-0,-3,0,10,2,-0,1,0,1,0,1,1,1,-21,8,1,1,0,0,0,1,1,1,0,0,-12,1,-0,1,0,0,-0,0,0,0,0,0,-2,1
410107,,0,0,0,0,0,0,0,0,1,0,0,-1,0,0,0,0,0,0,0,0,2,0,0,-2,0,0,0,0,0,0,0,0,4,0,0,-4,0,0,0,0,0,0,0,0,8,0,0,-8,0,0,0,0,0,0,0,0,5,0,0,-5,0
410401,,0,0,-5,0,0,0,0,0,0,0,0,5,0,0,1,0,0,0,0,0,0,0,0,-1,0,0,3,0,0,0,0,0,0,0,0,-3,0,0,8,0,0,0,0,0,0,0,0,-8,0,0,9,0,0,0,0,0,0,0,0,-8,0
410402,,0,0,-2,0,0,0,0,0,0,0,0,2,0,0,3,0,0,0,0,0,0,0,0,-2,0,0,4,0,0,0,0,0,0,0,0,-4,0,0,9,0,0,0,0,0,0,0,0,-9,0,0,7,0,0,0,0,0,0,0,0,-6,0
410403,,0,0,1,0,0,0,0,0,0,0,0,-1,0,0,2,0,0,0,0,0,0,0,0,-2,0,0,4,0,0,0,0,0,0,0,0,-4,0,0,5,0,0,0,0,0,0,0,0,-5,0,0,9,0,0,0,0,0,0,0,0,-8,0
410405,,0,0,1,0,0,0,0,0,0,0,0,-1,0,0,2,0,0,0,0,0,0,0,0,-2,0,0,4,0,0,0,0,0,0,0,0,-4,0,0,5,0,0,0,0,0,0,0,0,-5,0,0,9,0,0,0,0,0,0,0,0,-8,0
410508,,0,0,-0,1,-0,0,0,-0,-0,-0,0,-1,0,0,0,0,0,0,0,0,0,0,0,-1,0,0,0,0,0,0,0,1,0,0,0,-1,-0,0,0,0,0,0,0,0,0,0,0,-1,0,0,0,0,0,0,0,0,0,0,0,0,0
410509,,0,0,-0,0,0,-0,0,0,-0,-0,0,-1,0,0,0,0,0,0,0,0,0,0,0,-1,0,0,0,0,0,0,0,0,0,0,0,-1,0,0,0,0,0,0,0,-0,-0,0,0,-1,0,0,0,0,0,0,0,0,0,0,0,-0,0
410517,,-0,0,-0,0,0,0,-0,0,-0,-0,0,1,0,0,0,0,0,0,0,1,0,0,0,-2,0,0,0,0,1,0,0,0,0,0,0,-2,0,-0,0,0,0,0,0,0,1,-0,0,-1,0,-0,0,0,0,0,0,0,0,0,0,-0,0
410518,,0,0,-0,1,-0,-0,1,-0,0,-0,-0,-1,0,0,0,0,0,0,1,0,0,0,0,-2,1,0,1,0,0,0,0,1,0,0,0,-3,0,0,0,0,0,0,0,0,0,0,0,-1,0,1,0,0,0,0,0,0,0,0,0,0,0
410602,,0,-0,1,1,-0,-0,-1,1,-0,0,-0,0,0,0,1,1,-1,-0,0,4,-0,2,1,-7,1,1,1,1,-0,1,0,2,1,1,1,-10,1,-1,3,0,1,0,1,-0,0,0,-0,-3,0,-1,-0,0,-0,1,1,0,0,0,0,-2,-1
410607,,0,0,-0,-1,-0,0,1,-0,1,-0,0,-2,1,0,0,1,2,-3,-0,0,0,1,1,-4,1,1,1,-0,5,0,5,2,0,-2,3,-13,3,0,-0,3,-4,-0,2,-1,1,-1,-0,-3,0,0,-1,-0,-0,1,-1,-0,-0,-0,0,0,-4
410611,,0,0,1,-1,2,-0,-0,1,-0,-0,-1,0,-0,-0,0,0,0,-0,3,-3,0,-4,1,2,3,1,0,-2,-3,-2,0,2,5,2,0,-7,0,1,-1,2,-1,-0,1,0,-0,3,0,-5,0,1,0,0,-1,-0,-0,-1,0,0,0,-1,0
410614,,1,-0,1,2,0,-1,-1,-6,-0,1,-1,2,-2,-0,2,2,1,1,1,-2,1,-1,2,-4,3,1,0,0,-1,-0,-0,4,1,0,1,-9,3,-1,1,0,0,1,1,-1,3,0,0,-9,3,0,-0,-0,-0,-1,2,1,0,-1,1,-5,1
410621,,-1,1,-0,-0,1,0,0,-0,0,-0,-0,-2,0,0,-1,-0,3,0,1,-1,1,1,-2,-4,3,3,1,0,1,1,1,1,1,-0,1,-12,1,2,0,-1,1,0,0,0,-2,2,0,-4,0,0,-1,-1,2,0,0,0,0,0,-0,-1,-2
410625,,-1,1,-1,-0,-3,4,-1,1,-1,2,-0,1,1,0,0,1,1,1,1,-0,3,1,-1,-6,2,2,0,0,1,-1,1,2,-1,1,-0,-7,-0,2,-0,0,-0,0,0,-1,1,-1,-1,-1,0,1,-0,-2,2,2,1,-0,0,0,-0,-2,0
410631,,0,0,-4,5,-4,-0,2,1,-1,2,1,-5,-1,0,0,-0,-0,0,-1,2,1,1,1,-2,-0,-1,3,1,-2,2,2,3,-0,-0,2,-12,-0,-0,-0,0,0,-1,0,2,-1,0,1,-1,-0,-1,2,-2,1,-1,-1,-0,-0,0,-1,5,-0
410632,,0,1,-0,-1,-1,-0,2,1,-0,-0,1,-2,0,0,0,-0,1,1,0,0,-0,1,1,-3,-0,-0,0,0,-2,-1,-0,-0,0,-1,0,3,0,-0,0,1,-1,1,-0,-0,-0,-0,-0,0,0,0,0,0,-0,0,-0,1,1,1,2,-5,0
410633,,0,0,-0,3,-3,-0,-1,-1,3,-1,2,-1,4,0,4,6,7,9,8,4,8,3,-0,-39,-2,2,1,0,0,1,-1,0,-3,0,1,-1,-0,0,-1,0,-2,-0,-2,-1,-4,-1,0,11,0,-2,2,-2,0,0,-0,-1,0,-2,0,4,1
410637,,-1,2,0,0,-2,-2,3,0,-4,0,2,1,2,1,-0,-0,1,-0,1,1,0,0,3,-9,4,2,2,4,1,0,7,10,5,3,-0,-32,-1,1,1,-1,1,0,0,1,-1,1,-2,0,-0,1,2,-6,-2,-1,-1,-1,-2,-1,4,4,1
410638,,0,0,0,-1,2,-0,-1,0,-0,-0,0,-0,0,1,0,1,3,0,1,0,1,1,-0,-8,2,1,0,4,0,1,0,5,0,1,1,-14,0,0,1,-1,-1,1,1,-0,0,0,-1,1,0,0,-0,1,-0,-0,1,0,-0,1,-0,-2,0
410639,,2,-0,-1,1,2,-3,-0,2,-2,1,1,-4,-2,3,-4,4,1,-0,-2,3,1,-2,3,-3,1,4,-1,3,1,2,-3,3,-0,2,3,-12,-4,5,-3,5,-4,5,-3,4,-4,3,1,-6,-2,3,-2,-2,3,1,-2,2,-2,2,2,-3,-5
410640,,,,,,,,,,,,,,,,,,,,,,,,,,,,,,,,,,,,,,,,,,,,,,,,,,,,,,,,,,,,,,3
420103,,1,-0,-0,-0,-0,1,-2,2,0,0,-0,-1,0,0,1,0,1,-0,-1,1,1,0,2,-4,2,4,2,3,5,4,2,2,5,-0,-0,-23,1,-2,-0,-0,-0,-0,0,-0,-2,-1,0,2,0,0,1,-0,-0,-0,-0,0,-0,-1,-0,1,0
420201,,0,0,0,0,0,-0,0,0,-3,0,0,3,0,0,9,0,0,0,0,0,9,0,0,-15,0,0,41,0,0,0,0,0,17,-0,0,-39,0,0,-1,0,0,-9,0,0,-7,0,0,24,0,0,-10,0,0,-7,0,0,8,0,0,12,0
420202,,,,,,,,,,,,,,,,,,,,,,,,,,,,,,,,,,,,,,,,,,,,,,,,,,,,,,,,,,,,,,-0
420301,,0,0,-4,0,0,0,0,0,-13,0,0,19,0,0,9,0,0,0,0,0,18,0,0,-22,0,0,69,0,0,0,0,0,38,0,0,-57,0,0,-1,0,0,-26,0,0,-7,0,0,57,0,0,-16,0,0,-8,0,0,12,0,0,17,0
420302,,,,,,,,,,,,,,,,,,,,,,,,,,,,,,,,,,,,,,,,,,,,,,,,,,,,,,,,,,,,,,0
420404,,0,0,-0,1,0,-0,0,0,0,0,0,0,0,0,7,0,0,1,0,0,0,0,0,-5,0,0,1,0,0,6,0,0,5,0,0,-11,0,0,0,0,0,0,0,0,1,0,0,1,0,0,1,0,0,1,0,0,1,0,0,-4,0
420405,,-11,-18,-22,-6,17,1,-0,-4,4,-5,18,54,8,3,-4,5,3,0,-1,5,19,4,-3,-27,12,44,-4,9,6,-6,-14,14,-0,-4,-9,-30,-5,-7,-10,-9,-5,7,18,8,2,-6,-5,14,5,-6,1,-6,-5,6,-7,-4,3,-3,2,26,-0
430101,,2,1,-1,-0,3,0,1,-1,-1,1,5,-13,5,2,-2,3,2,-3,2,6,-4,4,4,-22,2,5,-1,1,3,-4,2,3,-0,4,4,-21,1,5,-3,-0,1,-4,2,2,-3,3,-0,-7,0,3,-2,1,1,-2,1,-2,2,0,3,-10,2
430104,,2,-2,2,-1,0,0,-0,1,-1,1,1,-7,0,3,-1,1,2,-2,1,4,-2,2,2,-12,2,4,-1,1,3,-3,1,3,-3,1,6,-15,1,2,-1,1,2,-4,0,5,-3,1,3,-12,3,0,-1,3,-1,-3,3,-0,-0,1,1,-9,2
430119,,1,1,1,-1,-1,-0,0,-0,1,1,1,-3,-0,1,0,2,1,1,1,-1,4,0,1,-6,3,0,1,-0,2,1,1,1,3,-0,2,-6,-1,-0,1,-1,-1,1,-1,-1,-1,-1,0,5,-0,-2,2,1,-0,0,1,4,-0,-5,6,-6,-1
430120,,3,1,-2,-7,10,-2,2,3,-2,-0,3,-9,0,2,1,0,2,-2,2,6,-3,2,3,-14,3,3,-2,1,6,-1,2,2,-2,1,3,-18,2,3,-2,-0,1,-3,1,3,-3,1,4,-13,2,1,-2,-0,2,-6,3,1,-0,0,2,-10,6
430127,,1,1,-3,-0,5,0,1,-1,-2,1,3,-6,4,1,-2,3,3,-3,2,3,-3,3,3,-17,2,4,-0,2,2,-3,1,3,-0,2,2,-15,1,2,-1,-1,2,-4,2,2,-4,2,0,-6,-0,3,-2,1,1,-3,2,1,-1,-1,2,-5,1
430132,,5,1,-5,5,-0,-1,1,2,-1,-2,5,-15,6,-0,2,2,1,-3,0,7,-1,-0,2,-17,3,2,-0,3,2,-4,3,3,-1,1,3,-17,3,2,-1,2,1,-4,3,-1,-2,1,3,-11,4,1,-2,0,3,-6,4,2,-1,0,2,-16,1
430133,,2,1,-2,-1,1,-3,3,1,-1,-2,5,-8,0,2,-0,1,3,-1,1,6,-2,1,3,-16,5,3,-3,1,2,-2,2,3,-1,1,2,-15,2,2,-2,1,1,-3,1,1,-4,2,-0,-6,1,2,-2,1,1,-2,3,2,-2,1,1,-10,3
430134,,2,-1,-2,-0,-1,1,0,2,-0,2,1,-7,2,0,-1,2,-0,1,0,2,0,-0,3,-8,7,2,-1,-0,0,-2,1,1,0,-1,5,-13,1,0,1,-3,1,-3,4,1,-2,2,1,-5,-0,1,-0,-1,1,-2,-1,-0,1,-1,-1,1,1
430136,,4,0,0,4,-3,5,-16,2,-1,1,4,-2,3,1,-1,4,-3,-4,1,5,-1,1,4,-12,3,4,19,-2,-3,-7,-3,3,-1,1,3,-16,2,3,13,-2,-4,-10,3,2,-2,1,2,-11,2,2,-13,-1,-1,-9,9,2,-1,0,3,2,2
430137,,5,-1,2,1,-0,-5,0,5,-3,0,6,-16,3,0,-0,3,4,-4,3,7,-3,1,10,-26,1,6,-2,1,4,-4,1,3,-3,1,4,-16,2,3,-2,2,2,-6,-1,2,-1,2,4,-16,2,3,-5,2,4,-6,2,4,-3,1,3,-13,3
430138,,4,0,-2,6,-3,-2,-1,2,-0,0,2,-7,2,3,-2,1,1,-1,1,2,-4,4,1,-5,1,2,-1,2,-1,-2,2,3,-0,3,0,-11,1,1,0,0,2,-3,-1,2,-4,3,1,-5,-0,2,-2,-1,1,-6,5,3,-2,-1,2,-12,11
430139,,0,1,-1,1,-1,-0,2,-2,0,2,1,-4,-1,-1,1,1,2,-2,3,-3,6,0,1,1,3,1,-0,1,4,1,2,1,1,-0,2,-6,-0,-1,1,-1,-1,1,-1,-1,0,-0,-1,4,1,0,-1,2,0,-1,2,1,-1,-0,1,-4,0
430141,,3,2,-1,3,4,-2,2,1,-0,-1,2,-14,1,1,-0,2,3,-1,0,0,1,2,4,-15,3,4,-1,-0,4,-2,2,1,1,0,1,-13,1,2,-1,3,-1,-2,-1,3,-2,1,1,-11,-2,2,2,-0,1,-4,1,2,-1,1,1,-7,3
430142,,-1,2,7,-2,-2,-1,0,2,-3,-1,1,-6,1,-1,1,-1,1,-2,1,7,2,-0,3,-6,-0,-0,-0,4,0,-3,3,-1,0,-1,0,-3,-0,0,1,3,-2,-3,2,-2,-2,-4,1,5,3,-3,3,0,-2,-2,4,-2,-1,-2,4,-7,2
430143,,5,0,-3,4,4,-6,1,1,-3,2,5,-13,2,2,-0,-0,2,-1,1,4,-1,2,4,-16,3,3,-1,1,3,-3,3,2,-0,1,3,-19,3,3,-2,0,1,-3,1,2,-1,0,1,-10,2,2,-3,1,0,-5,2,2,-1,0,3,-9,3
430144,,,,,,,,,,,,,,,,,,,,,,,,,,2,2,2,2,2,-5,3,3,-0,1,3,-15,3,3,-3,1,-0,-3,1,2,-2,0,2,-9,3,2,-2,1,1,-2,0,1,1,1,2,-13,2
430211,,5,-1,-1,5,-3,1,-1,1,-1,2,-3,-5,4,-1,-0,0,-2,3,2,2,2,-1,1,-10,2,-0,-2,3,2,-1,-0,1,2,2,1,-12,4,1,-0,-0,-1,-0,1,-1,-0,0,-0,-7,2,1,-2,-0,-1,1,1,-0,2,-1,1,-6,3
430216,,2,-1,-4,7,-2,-1,2,-2,-0,1,-2,-2,3,0,0,1,-0,-3,2,1,2,0,0,-9,6,0,1,1,-1,-0,1,1,2,1,1,-15,3,-1,1,-1,-0,0,-0,1,3,0,0,-9,3,-1,0,1,-3,1,0,0,2,1,1,-7,1
430224,,3,-0,-8,4,1,1,4,-4,-0,4,-3,1,2,-1,-0,-1,2,-2,2,0,1,1,-0,-8,5,2,-1,0,0,1,2,-2,1,3,-0,-12,3,-2,1,1,-1,2,0,0,-1,1,-1,-4,2,0,-1,1,-3,2,1,-3,2,1,1,-4,3
430228,,5,-2,-12,3,3,4,3,-1,1,-1,0,-8,4,1,-1,1,1,-3,2,-1,3,-1,1,-10,5,3,-1,0,0,2,3,0,1,2,1,-18,4,1,1,-2,-2,2,0,-1,2,3,-2,-8,6,-1,-0,1,-2,-3,3,-1,1,2,-1,-9,6
430229,,2,-0,0,-1,3,1,-3,3,-3,-1,3,-4,-1,2,1,-1,2,-2,-3,3,1,1,0,-3,1,0,-1,-1,0,0,-0,1,-0,1,-2,3,-0,0,1,-0,1,-0,-0,-2,-5,7,1,-2,1,-1,-1,-0,-1,0,0,-1,3,-1,1,-2,1
430233,,-0,1,4,0,-3,0,-1,3,-1,3,1,-6,4,0,-3,5,2,2,-2,3,-3,2,1,-9,2,-5,4,-2,5,-3,3,-1,-1,3,2,-4,2,-3,-2,3,1,-4,1,2,-2,2,2,-7,4,1,-3,3,-0,-1,-1,-2,1,-0,0,-4,0
430234,,-2,1,-1,2,2,-4,2,-1,0,0,3,-1,1,2,-2,1,2,-2,2,1,-3,1,2,-5,2,3,-0,-1,4,-3,2,1,-2,3,-1,-5,1,-1,-2,4,-1,-1,1,2,-2,1,-1,-3,1,2,-1,-1,1,1,0,0,-0,0,0,-3,0
430235,,1,0,-1,2,-0,-1,-1,2,-1,-1,2,-4,1,-0,1,-1,1,-1,1,1,-0,0,1,-5,2,1,-3,2,-1,-1,2,2,1,0,4,-10,1,1,-3,3,2,1,-2,4,-2,-1,4,-14,6,-1,-3,-2,1,-2,2,-0,-2,1,-1,1,2
430236,,3,1,-2,0,-4,-1,4,5,-1,-0,-2,-3,1,-1,0,1,1,-3,2,2,1,-3,-1,3,4,7,-11,6,-2,-7,5,-6,12,1,-0,-14,9,1,1,1,-2,-3,5,1,6,-3,4,-20,2,-2,-0,1,2,-2,1,1,2,-2,3,-10,7
430237,,,,,,,,,,,,,,7,4,-4,1,5,2,-0,0,1,4,1,-21,8,2,-5,7,-2,3,-1,-1,4,-1,6,-19,-1,3,0,-2,2,0,-3,-0,1,-3,1,1,1,1,-2,1,-0,1,-1,2,-1,-1,0,-1,-1
430238,,,,,,,,,,,,,,,,,,,,,,,,,,,,,,,,,,,,,,,,,,,,,,,,,,,,,,,,,,,,,,2
430304,,5,-2,0,-1,2,1,-1,-0,-2,3,0,-7,-1,1,4,1,-0,-1,1,-1,2,1,1,-8,7,-2,-1,4,-0,-1,2,-1,3,-1,1,-14,7,2,-2,4,-0,-1,4,-4,3,-4,4,-14,-1,1,0,-3,4,-2,1,-1,-0,-6,9,-4,1
430307,,0,0,-1,-4,-5,5,3,4,2,-3,-8,17,-3,5,-5,4,2,-4,3,-4,14,-10,6,-4,3,-3,-2,8,-5,-4,4,0,-1,-0,-5,8,6,2,-0,1,-1,-2,2,-3,1,-3,3,-6,6,-6,5,-6,5,-7,-1,3,-0,-0,1,-3,2
430317,,3,-0,-0,4,5,-2,-4,-0,-3,3,-7,2,-0,-0,1,2,-5,7,4,0,3,0,7,-18,1,-1,0,-2,2,0,3,-2,-0,2,0,-5,4,1,5,-3,2,-3,-1,0,0,1,1,-5,-6,-2,1,-2,-1,1,-5,4,-6,3,-1,17,-1
430321,,-0,-3,7,2,-5,6,3,-4,12,-15,-4,14,-4,7,2,-0,-5,-3,2,-8,14,-13,-3,31,-2,-2,2,2,-5,1,14,-2,7,3,-23,42,-4,2,-0,11,-20,-1,-5,22,10,-2,-17,22,5,-11,16,-16,10,-2,-1,5,0,-7,8,-8,-7
430323,,3,6,5,4,-4,-3,0,1,0,3,-3,-12,-0,-4,3,6,-2,1,-1,-6,4,4,1,-4,1,1,-3,-4,-0,2,2,1,-1,0,5,-5,2,-6,9,1,-3,-3,7,-1,1,1,-4,3,-3,-3,2,-3,-1,-4,6,-1,-0,-5,8,2,1
430351,,8,2,6,-3,0,-4,-0,-3,4,0,-8,3,9,3,-9,1,5,-2,3,-3,4,1,-7,5,-5,7,2,-4,2,7,-2,-4,13,-3,-8,4,5,-6,4,-1,-2,-3,-4,3,2,-8,0,15,5,-5,6,-0,-9,11,-4,6,-2,-5,0,2,2
430355,,-1,-0,-1,2,1,-1,4,2,-4,1,1,-6,3,-1,-2,-3,7,0,3,-2,-1,-2,2,-1,1,6,-5,-4,1,-1,3,1,0,-1,-2,4,1,-1,-1,4,-3,-3,-4,-5,6,-4,7,-7,7,-3,2,-1,-4,2,-1,3,-2,-8,12,-13,10
430356,,0,3,-2,2,-1,2,-3,4,-3,-4,3,1,-0,2,2,-0,0,4,-2,2,-3,-1,-2,1,3,0,-2,1,4,-0,-1,3,-0,-1,3,-11,3,2,-2,1,-1,2,-2,-2,2,-9,10,-6,2,1,-4,-1,2,-2,-1,-1,1,-1,3,1,1
430357,,-2,-3,-6,-1,4,-0,-0,-1,1,-8,-2,27,-3,2,-3,6,-3,0,-1,-3,-1,-4,-2,17,-3,1,-2,-4,-2,-0,-0,-1,4,-4,1,12,-3,2,3,-2,-2,-5,4,-9,-2,-5,-3,22,-4,-0,-3,-1,-3,-4,3,-2,-1,-2,4,9,-0
430358,,-3,-2,-0,-0,-0,1,0,1,12,-8,-7,11,2,-2,-2,3,0,0,2,-2,7,9,3,-20,-8,13,-1,0,-0,-0,2,1,-2,-8,6,-3,4,-1,-0,2,-2,-1,-1,-2,2,-4,-1,2,-14,-0,1,-4,-0,-1,-1,1,18,2,4,-3,-9
430359,,2,0,-3,2,-1,-1,-5,11,-0,-2,-1,-0,3,1,3,10,-3,1,-0,-2,3,-1,2,-15,3,1,1,5,-2,4,1,12,2,-2,-1,-19,4,0,4,10,1,-3,-9,-5,2,-4,3,-2,3,-3,21,-11,1,-9,-8,-5,-1,-3,4,14,-1
430361,,3,1,1,1,-4,1,-1,-1,-2,1,8,-12,4,1,-3,3,1,2,-0,0,-2,1,5,-15,6,-1,0,3,-0,-0,-2,4,-0,-0,0,-10,4,0,-1,4,-5,-0,-2,-0,2,-6,8,-7,2,-3,3,-3,2,-0,2,3,-2,-1,1,-3,-2
430362,,0,2,-1,-1,0,1,0,5,-1,-1,-1,-6,4,3,-4,2,1,-0,5,-0,3,-2,3,-17,4,-1,1,1,2,0,4,2,1,-4,2,-9,5,1,-6,1,0,-1,1,0,3,-2,2,-4,1,-2,3,-3,-1,0,-0,0,-0,-5,7,4,-6
430363,,-2,11,-5,0,3,1,1,-2,2,5,-9,-3,3,-2,8,-8,7,-7,3,-5,14,2,-5,-2,-4,5,2,-2,9,-12,3,-2,1,5,-13,20,6,-3,18,-6,-6,6,2,-9,0,6,6,-17,4,-7,5,-2,2,-5,1,-5,-3,-3,-12,63,-18
430364,,,,,,,,,,,,,,,,,,,,,,,,,,,,,,,,,,,,,,-4,6,-4,3,-3,6,-3,9,-4,-18,13,5,9,4,-6,3,2,6,-7,4,-5,-1,-6,7,0
430365,,,,,,,,,,,,,,,,,,,,,,,,,,,,,,,,,,,,,,,,,,,,,,,,,,13,-10,-5,1,0,5,-12,8,-6,-5,4,9,-4
430407,,5,-2,-1,1,-4,2,4,-5,-1,0,2,-5,0,2,2,-3,1,1,2,-5,9,1,-0,-3,1,1,1,1,2,1,-1,1,-1,0,-0,-8,2,-1,-3,0,-1,-3,3,-1,3,-2,4,-5,-0,3,-0,-1,-0,-2,2,-1,2,1,-1,-1,-1
430409,,1,1,-0,-2,0,-2,4,-7,4,-6,-6,15,2,2,1,2,0,0,1,-2,1,-0,3,-2,2,1,-0,-0,-1,-0,0,4,-1,0,0,-7,1,-0,3,0,-0,4,-2,-1,2,2,-1,-9,2,-1,-0,-1,0,1,0,-3,3,0,-1,0,-1
430413,,0,-0,-3,0,3,1,0,-1,1,-0,-1,-1,-0,1,1,0,0,1,-1,1,1,2,-0,-5,1,1,2,1,1,2,-0,3,1,1,1,-12,-0,0,1,0,-0,0,0,-0,0,-0,-0,-0,0,1,0,1,-0,1,-0,-0,0,0,0,-3,-0
430414,,2,-1,-1,2,-1,-1,3,-1,-1,2,-1,-3,1,2,-0,1,1,-0,1,0,-0,1,0,-6,2,2,-2,4,-2,1,6,-2,3,-3,3,-12,5,2,-3,2,0,1,0,-0,2,-4,4,-11,3,0,1,-2,-1,-2,3,1,1,-5,3,-3,2
430418,,3,1,-3,3,2,1,-0,-9,8,1,-6,-4,5,6,1,-1,6,-4,2,-1,6,1,3,-21,1,1,1,0,-1,1,2,-4,5,1,-1,-9,0,2,-1,2,-3,1,1,2,-1,-3,2,-4,-2,1,-1,0,-1,0,0,-1,1,-0,0,-1,2
430419,,1,1,-1,2,2,-1,-1,-2,1,-1,2,-5,1,-3,1,-2,0,-2,3,-1,1,3,2,-3,2,0,3,-0,-0,2,1,-2,3,1,-1,-6,0,-1,-1,1,0,3,-2,-5,5,-1,1,-3,1,1,0,-1,-1,2,-1,-3,2,2,-1,-1,1
430422,,0,1,-5,0,-0,3,1,-1,1,2,-3,-2,1,0,-2,1,-1,1,0,1,1,2,-1,-1,3,1,-1,0,0,2,-2,3,3,-0,-1,-8,4,-2,2,1,-2,-1,-1,1,2,-0,1,-9,-1,-1,0,-1,1,0,-2,1,-1,2,-1,4,-1
430423,,6,1,-3,2,4,1,-4,-4,1,1,2,-14,6,2,-4,-1,1,2,-2,-3,4,5,-1,-6,2,4,-1,3,1,-1,1,-1,-2,1,5,-12,-1,3,-2,0,-0,1,5,-8,7,-4,2,-10,1,3,1,-1,1,-4,1,-1,3,0,-1,-6,3
430425,,1,1,-6,2,4,2,-1,-1,1,1,-1,-1,1,-1,-5,4,1,-1,0,-0,-2,5,3,-6,3,-1,-0,4,-0,1,1,0,1,-2,-2,-8,3,1,1,1,-1,1,-2,-1,4,-2,-2,-4,3,-0,-1,2,-0,-0,1,-3,3,1,-3,1,1
430503,,2,1,-2,3,-1,-5,-7,2,8,2,1,-10,5,-0,-5,4,6,-0,-6,-2,9,0,0,-14,7,-0,0,0,2,-4,-3,1,-0,3,4,-11,5,7,-4,2,3,-4,-6,3,4,1,-2,-7,1,1,-1,1,-0,-0,-7,4,5,1,-0,-7,3
430505,,-1,0,3,-0,1,1,-4,-2,1,-5,1,8,1,-0,-1,1,-0,-0,-0,2,-0,0,1,-1,1,5,3,4,3,1,3,1,3,1,2,-24,-0,-1,-2,2,1,-3,-2,-0,-1,0,-3,11,-1,-0,0,-0,-0,-0,0,1,-1,0,-1,3,2
430507,,2,0,-3,-0,0,0,0,-4,-2,2,-6,10,-0,3,-0,-3,1,1,0,1,-3,3,0,2,1,3,0,2,1,1,5,-0,-1,2,-3,-9,0,6,3,1,0,-2,-0,-0,-0,2,-1,-8,-1,0,-0,-0,1,-1,1,1,-1,1,-0,-0,-2
430509,,-0,0,0,2,-0,-0,-1,-1,4,-5,-4,6,2,-4,3,-1,3,-4,3,-4,-0,4,-1,4,0,1,12,0,-3,3,2,5,3,1,2,-24,4,6,0,4,0,-1,-0,-0,-1,-7,8,-16,6,-3,2,1,0,-1,-2,-0,1,-1,1,-10,5
430524,,-1,-5,-1,-1,-2,-3,1,-5,-6,-2,4,21,1,-0,-0,-0,3,-1,0,-0,-0,1,1,-3,-3,3,-3,2,0,2,-8,-1,1,4,1,3,-5,3,-6,-1,3,1,0,-2,1,-2,3,3,4,-1,0,-0,0,-3,2,-1,1,2,1,-7,-3
430525,,-0,2,-1,0,-0,-1,-4,2,2,-10,0,18,-1,2,0,6,0,0,0,1,0,-2,1,-7,2,0,0,1,1,2,-2,-0,4,0,2,-9,0,-0,-1,1,0,-2,-1,2,-0,-1,2,-1,-1,1,2,-1,-1,-2,-0,2,1,-1,1,-0,0
430526,,-0,0,6,-1,-7,7,-3,-1,0,-0,2,-3,2,-0,-0,-1,-0,-0,-0,1,1,-0,1,-1,0,0,-0,1,1,0,-0,1,0,1,-1,-3,0,1,-0,-0,0,-0,-0,0,1,1,-0,-2,-0,-0,0,-0,0,0,1,-0,0,0,0,-1,0
430527,,1,0,-1,1,0,-1,-1,-0,1,0,0,-2,1,0,0,0,1,-0,-0,-1,1,1,1,-6,4,2,5,6,4,1,5,2,3,2,-1,-28,1,0,-1,1,-0,1,-1,-1,-0,-1,-0,-1,1,1,1,2,2,2,-3,2,-1,2,-0,-8,1
430529,,4,-5,-1,-1,0,0,0,-3,0,-1,-0,8,-0,-0,0,0,-0,0,1,1,0,1,2,-2,2,1,1,-2,-0,2,2,1,7,1,-0,-11,0,5,3,2,-0,1,1,-1,-1,0,-1,-14,4,-0,-2,-1,1,1,-1,2,-0,-1,-0,-3,5
430530,,0,-0,1,-0,4,-1,-0,1,1,-2,1,-5,-1,1,-0,4,-0,1,-2,1,2,-2,-1,0,0,2,0,1,-1,1,-0,-0,3,4,0,-11,1,-0,1,0,2,1,-3,3,1,-0,0,-5,-4,1,0,3,3,-0,-2,-2,-0,1,-0,1,1
430531,,-1,-2,-3,2,1,-5,8,-5,5,4,-6,8,-2,6,-2,-4,6,-5,2,1,2,-4,3,-2,4,-2,3,-4,5,5,-1,-2,0,-1,3,-13,6,-0,4,0,7,-2,1,-1,5,-5,3,-15,-0,1,-7,10,0,-2,-3,-2,5,-1,1,-6,4
430533,,1,-1,4,0,-5,-4,3,2,4,-2,2,-2,2,-1,-1,1,0,2,1,1,-3,2,-1,-2,-1,3,1,11,1,4,-0,5,2,4,0,-26,3,2,0,-0,2,-1,-3,-0,0,-2,1,-2,-0,1,-2,1,-4,4,1,-2,1,2,0,-3,2
430535,,2,-0,-0,-0,-0,0,1,0,-1,-1,-0,1,0,0,-0,-3,-0,0,1,-0,-0,0,0,1,-0,1,1,0,-0,0,1,0,-0,-0,1,-4,1,-1,1,-1,0,1,-1,1,1,-2,0,-1,1,-0,1,1,3,-1,1,0,-1,0,0,-7,1
430536,,1,0,5,0,-1,-7,5,-2,2,-3,-2,5,-3,-0,2,1,0,-2,2,-0,0,-0,1,-1,2,2,1,3,2,3,3,3,2,-0,1,-19,2,-2,-1,1,-1,1,-2,-0,1,-1,-2,3,-2,0,-1,-0,-1,1,-1,-1,3,-4,3,1,3
430538,,6,-2,-2,4,4,-6,3,-1,-6,-1,-2,15,-5,-0,1,3,-1,-2,-6,5,-5,-1,7,-3,11,-8,7,-2,-1,3,-2,8,-2,-1,-2,-1,-7,6,-1,3,2,3,3,-3,0,1,4,-12,-0,1,-0,1,-4,3,2,-4,0,1,1,-3,5
430539,,-3,4,-2,-0,-1,-4,7,-2,-2,-3,-3,13,-1,-3,0,-3,-4,0,3,0,3,0,0,4,-0,3,-1,3,-0,2,1,-0,1,0,-0,-7,1,3,2,-0,-0,-0,0,0,2,0,-0,-7,2,-1,-1,1,-1,-0,-0,-5,-0,4,-1,4,1
430540,,1,5,-5,3,2,4,-7,-1,-1,5,5,-16,3,-2,0,-1,4,-1,-0,7,-6,6,-1,-8,3,5,3,-1,-1,3,5,-4,5,4,2,-23,4,-1,-1,5,1,1,0,-2,-1,1,0,-9,4,-1,-4,7,-2,2,1,-3,1,1,1,-10,1
430541,,,,,,,,,,,,,,4,-2,-1,-2,4,-6,5,-1,1,0,-1,1,1,0,-1,5,4,-5,4,6,-0,2,-0,-13,-3,3,-2,2,0,-4,5,-2,-1,-1,4,-5,-6,8,-2,1,-4,-2,1,-2,-8,8,-1,10,-10
430542,,,,,,,,,,,,,,,,,,,,,,,,,,1,-1,5,-2,0,1,2,-2,0,-2,6,-4,4,3,-1,1,-1,4,-2,-6,5,0,-2,-7,2,-1,1,1,-4,4,-1,-2,5,-4,4,-6,5
430543,,,,,,,,,,,,,,,,,,,,,,,,,,-0,1,1,1,2,1,-0,1,2,5,0,-12,1,1,-0,0,-1,-1,-0,-0,0,-2,-0,3,0,-1,1,0,-0,-0,1,0,-1,0,-0,-0,-4
430613,,0,0,-8,0,2,0,1,-0,0,-1,0,6,0,0,-0,0,0,0,3,-1,1,1,1,-3,11,1,2,1,4,5,3,2,2,-0,-0,-23,5,2,4,-0,1,-0,-0,0,0,1,-1,-10,0,1,-0,-5,1,-0,-2,-2,-0,1,0,7,0
430617,,-1,-0,12,0,-8,-0,-2,-0,3,-0,1,-2,-1,1,-2,2,-2,-1,3,-3,2,0,0,1,0,1,0,1,-0,-1,4,-2,0,1,-0,-4,0,2,-1,-0,-1,1,1,0,0,-1,1,-8,-2,1,6,-17,26,10,0,-1,1,-1,1,-26,9
430621,,1,0,-0,0,-0,0,0,1,0,-0,1,-2,1,-0,1,0,0,0,1,-0,1,1,1,-4,0,1,1,1,1,2,1,1,1,1,1,-10,1,1,1,2,2,1,1,2,1,1,1,-12,0,0,1,1,1,1,0,1,1,1,0,-7,0
430622,,1,0,0,0,-0,0,0,0,0,0,0,-2,0,0,0,1,0,0,0,0,-0,-0,0,-2,1,1,2,1,0,1,0,2,1,1,1,-11,1,1,1,1,1,1,0,1,0,1,1,-7,1,1,1,1,1,0,0,1,0,1,0,-6,0
430623,,0,0,-4,3,2,0,1,0,-0,2,1,-7,0,1,-0,-3,0,0,-0,0,0,1,-0,1,0,-0,1,0,0,0,-0,0,-0,0,0,-1,-0,-0,8,0,-0,0,-0,0,0,-0,0,-8,-0,2,-5,-0,-0,-0,-0,0,8,0,0,-3,0
430624,,1,1,1,-0,-3,1,-1,-0,0,1,-1,1,-1,2,0,2,0,1,3,-3,3,0,3,-10,3,-0,-2,3,-1,7,2,-1,0,3,-2,-11,4,4,-1,1,-1,1,1,-3,1,-3,3,-6,1,-2,-1,0,1,0,1,-4,-1,5,-2,5,-3
430626,,-1,1,1,-1,-4,-4,3,0,-1,-1,-1,10,-0,0,-0,4,-2,-1,-1,-0,1,2,-2,-1,-0,1,0,1,0,2,5,5,-0,1,3,-15,-1,0,-1,2,-2,2,-2,1,1,1,-0,-5,1,1,-4,-1,1,-0,-3,1,-0,-1,1,5,-2
430627,,,,,,,,,,,,,,,,,,,,,,,,,,-2,-1,3,-2,5,-3,-1,2,2,-0,1,-1,0,-2,2,-1,-1,-1,0,1,-2,0,3,-2,2,1,-8,2,5,0,1,-2,0,-4,7,-5,0
430628,,,,,,,,,,,,,,,,,,,,,,,,,,,,,,,,,,,,,,,,,,,,,,,,,,-4,-0,-2,-0,-0,-0,1,-1,-1,1,2,4,-3
440101,,0,0,0,0,0,0,0,0,-0,1,-0,-2,0,0,0,0,0,0,0,0,0,1,0,-2,1,0,1,0,0,1,0,1,0,0,1,-5,0,-0,1,1,0,1,1,0,0,0,0,-3,1,0,1,-0,1,0,1,1,0,0,0,-4,0
440104,,0,0,1,-2,1,1,-0,0,0,-0,0,-1,0,0,0,0,0,1,0,1,0,1,1,-4,1,1,2,1,1,0,0,1,1,1,1,-8,1,1,1,0,0,0,1,0,0,0,0,-5,1,0,1,1,1,0,0,0,0,0,0,-5,0
440105,,0,0,0,0,0,0,0,1,1,0,0,-3,0,0,0,1,0,0,1,1,1,0,0,-5,1,0,1,2,1,1,1,1,1,0,0,-8,1,0,1,1,1,0,0,0,0,0,1,-5,1,1,0,0,0,0,1,0,0,0,0,-4,0
440112,,0,0,0,0,0,3,0,0,1,0,0,-3,0,0,0,0,0,1,0,0,0,0,0,9,0,0,0,0,0,1,0,0,0,0,0,-1,0,0,0,0,0,0,0,0,-0,0,0,-0,0,0,0,0,0,1,0,0,0,0,0,-1,0
440113,,0,0,0,0,0,0,1,0,0,-0,1,-3,1,-0,0,1,0,-0,-0,-0,0,0,0,-0,0,1,0,1,0,1,1,0,0,0,0,-4,0,-0,1,-0,0,0,1,0,0,0,0,-3,0,1,0,0,-0,0,1,1,1,1,1,-4,1
440116,,-0,-0,-0,0,1,0,0,0,0,0,0,-1,0,0,1,0,0,0,0,0,-0,0,0,-2,0,1,0,1,0,-0,1,0,0,0,0,-4,0,0,0,0,1,0,0,1,0,0,-0,-3,1,0,0,-0,0,0,0,0,0,-0,0,-1,0
440118,,0,0,0,0,-0,0,0,-0,1,-0,0,-0,0,-0,0,-0,0,0,0,0,0,0,0,-1,0,0,0,-0,0,0,0,0,0,0,0,-1,0,0,0,0,0,0,0,2,6,1,0,-9,0,0,-0,0,0,-0,0,0,-13,0,-0,14,0
440120,,0,0,-0,0,-0,0,0,0,0,0,0,-1,0,0,0,0,0,0,0,0,1,0,0,-3,0,0,1,1,0,1,0,0,0,0,0,-3,0,0,0,1,0,1,0,-0,0,0,0,-3,-0,1,0,0,1,0,0,0,0,0,0,-3,0
440121,,0,0,-0,0,0,0,-0,0,-0,-0,0,-0,0,0,0,1,0,-0,0,1,0,0,0,-3,0,0,0,1,1,1,1,-0,0,0,1,-6,1,0,0,0,1,0,1,0,0,0,0,-4,0,1,1,1,0,0,1,0,0,0,-0,-5,1
440122,,0,0,3,0,0,-5,0,0,-2,0,0,5,0,0,-0,0,0,-7,0,0,4,0,0,-3,0,0,1,0,0,3,0,0,0,0,0,-5,0,0,1,0,0,-3,0,0,-0,0,0,9,0,0,1,0,0,1,0,0,-0,0,0,-1,0
440123,,0,0,-0,0,1,0,1,-0,1,0,2,-4,1,0,0,0,-0,0,0,1,0,1,-0,-4,1,0,1,1,1,0,1,1,1,0,1,-7,0,0,1,1,1,1,0,0,1,1,0,-6,1,0,-0,0,1,0,0,0,0,1,1,-3,-0
440126,,1,0,-0,0,0,0,1,0,-0,-0,-0,-1,0,0,-0,0,0,0,0,0,0,0,-0,-0,1,0,1,0,0,1,0,1,2,0,0,-5,1,0,1,0,1,0,1,0,0,1,1,-6,1,0,1,0,1,0,0,0,1,0,1,-5,2
440127,,1,1,0,-0,-0,1,0,0,2,1,1,-6,0,0,1,2,1,2,1,0,2,0,1,-10,1,0,-0,1,1,1,1,1,1,-0,-1,-6,-0,-0,-0,0,2,-1,-0,0,-0,-0,-1,2,1,1,1,-0,1,0,0,1,1,0,1,-6,-1
440128,,0,-0,0,1,1,0,-1,0,1,1,0,-2,1,0,1,0,2,0,1,0,0,0,0,-5,0,0,1,1,2,1,1,0,1,0,0,-6,1,0,2,1,1,1,0,-0,1,0,0,-7,0,0,1,1,2,1,1,1,1,0,0,-7,1
440129,,1,0,-3,0,1,6,-2,-1,1,1,0,-3,0,0,0,0,0,0,1,0,1,0,0,-3,0,-0,0,0,0,1,0,1,-0,-1,0,-2,0,0,1,0,1,1,0,0,1,0,0,-4,0,-0,-0,-0,0,0,0,1,-0,0,0,-0,0
440131,,0,0,-0,0,0,2,1,0,1,-0,0,-4,0,0,0,5,0,0,1,0,0,0,0,-7,-0,0,0,0,0,0,-0,0,0,-0,0,-1,0,0,-0,0,0,0,0,-0,0,-0,0,1,1,0,0,-1,-0,1,0,-0,0,1,0,-3,0
440132,,1,1,-0,0,0,1,-0,1,1,-0,-0,-3,0,0,0,1,0,0,3,2,2,1,1,-9,2,1,1,1,-0,-0,1,1,1,1,0,-6,1,2,1,0,-0,0,-0,1,1,0,-0,-6,1,0,0,0,-0,0,-0,0,1,0,0,-2,1
440204,,0,0,0,0,0,0,0,0,0,0,0,-1,0,0,0,0,0,0,0,0,0,0,0,-0,0,0,1,0,0,0,0,0,0,0,0,-1,0,0,1,0,0,0,0,0,0,0,0,0,0,0,2,0,0,1,0,0,0,0,0,-2,0
440208,,-1,-0,-0,-1,0,-0,-1,1,-1,-0,-2,5,-1,-0,-1,-0,-1,0,-2,-1,-1,-0,17,7,-1,-2,-0,-0,-1,-2,0,1,1,0,-1,4,4,2,2,-2,-1,-1,-0,0,-0,-1,-1,-1,1,2,1,2,1,-1,-0,-0,-1,-1,-1,-3,-3
440218,,0,0,-1,0,0,0,0,0,2,0,0,0,0,0,-11,0,0,0,0,0,-9,0,0,-5,0,0,-4,0,0,0,0,0,0,0,0,4,0,0,0,0,0,-32,0,0,0,0,0,46,0,0,-0,0,0,0,0,0,0,0,0,0,0
440224,,0,0,-0,0,0,0,0,0,0,-0,0,-0,0,0,0,1,0,1,0,0,0,0,0,-2,0,0,0,0,0,0,0,0,0,0,0,0,0,0,0,0,0,0,0,0,0,0,0,0,0,0,0,0,0,0,0,0,0,0,0,0,0
440227,,0,0,0,0,0,0,-0,0,-0,0,0,-2,0,0,0,0,0,0,0,0,0,1,1,-3,0,-0,0,0,0,0,0,0,0,0,1,-2,1,1,0,1,1,1,1,1,1,0,1,-6,1,1,1,1,1,1,0,0,0,0,0,-6,0
440229,,0,0,0,0,0,0,0,0,0,0,0,0,0,0,0,0,0,0,0,0,0,0,0,0,0,0,0,0,0,0,0,0,0,0,0,0,0,0,0,0,0,0,0,0,0,0,0,0,0,0,0,0,0,0,0,0,0,0,0,0,0
440230,,0,0,0,0,0,0,0,0,4,0,0,-4,0,0,0,0,0,0,0,0,5,0,0,-4,0,0,0,0,0,0,0,0,5,0,0,-4,0,0,0,0,0,0,0,0,7,0,0,-7,0,0,0,0,0,0,0,0,9,0,0,-8,0
440231,,0,0,0,0,0,0,0,0,0,0,0,0,0,0,0,0,0,0,0,0,0,0,0,0,0,0,0,0,0,0,0,0,0,0,0,0,9,0,0,0,0,0,0,0,0,0,0,-8,0,0,7,0,0,0,0,0,0,0,0,-7,0
440232,,0,0,-0,1,0,-0,0,1,0,0,0,-3,0,0,0,0,0,0,0,0,-0,0,0,-2,0,0,1,0,1,0,1,1,1,1,1,-5,0,1,1,1,1,1,0,0,1,1,1,-7,0,1,1,1,1,1,1,1,0,0,0,-6,0
440237,,-0,0,-0,-0,0,-0,0,-0,0,0,-0,1,-0,0,-4,1,1,0,0,1,0,1,1,0,-0,1,1,2,1,1,1,0,0,2,0,-8,-1,1,2,1,1,0,-0,0,1,0,-0,-5,-1,1,0,0,0,0,-0,0,0,1,0,-3,-0
440238,,0,0,0,0,0,0,0,4,0,0,0,-4,0,0,0,0,0,0,0,4,0,0,0,-4,0,0,0,0,0,0,0,5,0,0,0,-5,0,0,0,0,0,0,0,8,0,0,0,-7,0,0,0,0,0,0,0,5,0,0,0,7,0
440239,,0,0,0,0,0,0,0,0,2,0,0,-2,0,0,0,0,0,0,0,0,5,0,0,-5,0,0,0,0,0,0,0,0,2,0,0,-2,0,0,0,0,0,0,0,0,2,0,0,-2,0,0,0,0,0,0,0,0,2,0,0,-2,0
440240,,1,1,-0,0,2,1,0,2,0,1,1,-8,0,0,0,0,0,1,1,1,0,1,1,-4,0,-0,1,1,1,1,1,1,1,1,1,-7,1,0,0,0,1,0,0,1,0,0,1,-5,1,1,0,1,0,1,0,0,0,0,2,-6,0
440241,,-0,0,0,-0,0,0,1,-0,0,0,-0,-0,-0,0,0,0,0,0,-1,1,0,1,1,-3,-0,1,1,2,1,1,0,0,0,1,0,-7,-1,1,1,1,1,0,-0,0,0,0,-0,-1,-1,0,0,0,0,0,-1,0,-0,0,0,-0,-0
440243,,0,0,0,0,0,0,0,-2,0,0,0,2,0,0,0,0,0,0,0,3,0,0,0,-3,0,0,0,0,0,0,0,3,0,0,0,-2,0,0,0,0,0,0,0,4,0,0,0,-4,0,0,0,0,0,0,0,6,0,0,0,-6,0
440246,,0,0,2,0,0,1,0,0,0,0,0,-3,0,0,3,0,0,1,0,0,3,0,0,-7,0,0,0,0,0,0,0,0,1,0,0,3,0,0,4,0,0,3,0,0,4,0,0,-7,0,0,5,0,0,1,0,0,1,0,0,-12,0
440247,,0,0,-40,0,0,0,0,0,0,0,0,66,0,0,0,0,0,0,0,0,0,0,0,0,0,0,0,0,0,0,0,0,0,0,0,0,0,0,0,0,0,0,0,0,0,0,0,0,0,0,0,0,0,-8,0,0,0,0,0,9,0
440250,,0,0,2,0,0,-0,0,0,-0,0,0,-2,0,0,-1,0,0,0,0,0,0,0,0,1,0,0,0,0,0,0,0,0,0,0,0,0,0,0,0,0,0,0,0,0,0,0,0,0,0,0,4,0,0,3,0,0,0,0,0,-3,0
440252,,0,0,-3,0,0,-15,0,0,0,0,0,22,0,0,-1,0,0,-17,0,0,1,0,0,19,0,0,-17,0,0,5,0,0,-8,0,0,24,0,0,-9,0,0,0,0,0,-2,0,0,10,0,0,1,0,0,1,0,0,3,0,0,-5,0
440254,,-0,0,-0,0,0,-0,1,0,-0,-0,0,-0,0,0,1,0,1,0,0,0,-0,0,0,-3,0,0,0,0,1,1,1,1,0,-0,0,-4,-0,0,0,0,0,1,1,0,0,0,0,-3,-0,0,1,0,0,-0,0,0,-0,0,0,-2,0
440255,,-0,0,1,-0,-1,0,0,-0,0,0,-0,0,-6,0,0,0,0,0,1,0,0,0,0,4,-0,0,0,1,0,0,0,0,0,1,0,-3,-0,0,0,0,0,0,-0,-1,0,0,-4,5,-3,0,0,-0,0,0,-0,-1,-0,0,0,3,-0
440256,,0,0,0,-3,0,0,0,10,1,-4,-0,-4,0,0,0,0,0,3,0,0,0,0,0,-3,0,0,0,0,0,0,0,0,0,0,0,-0,0,0,0,-0,0,0,0,0,-0,0,0,-0,0,0,1,0,0,-1,0,0,0,0,0,-0,0
440257,,0,0,-0,0,0,0,0,0,1,0,0,-0,0,0,-7,0,0,2,0,0,4,0,0,-1,0,0,15,0,0,8,0,0,3,0,0,-21,0,0,0,0,0,5,0,0,1,0,0,-6,0,0,2,0,0,0,0,0,2,0,0,-4,0
440258,,0,0,3,0,0,1,0,0,0,0,0,-3,0,0,0,0,0,0,0,0,0,0,0,4,0,0,4,0,0,1,0,0,-1,0,0,-3,0,0,-0,0,0,1,0,0,-0,0,0,-1,0,0,1,0,0,19,0,0,-0,0,0,-14,0
440302,,,,,,,,,,,,,,,,,,,,,,,,,,,,,,,,,,,,,,0,0,8,0,0,0,0,0,0,9,0,-15,0,0,15,0,0,0,0,0,7,0,0,-19,0
440303,,,,,,,,,,,,,,,,,,,,,,,,,,,,,,,,,,,,,,-1,0,3,1,0,0,0,0,2,0,0,-5,0,0,7,0,0,-2,0,-1,2,-2,6,-14,2
440401,,0,0,1,-0,0,0,0,0,0,0,0,-1,0,0,4,0,0,0,0,0,0,0,0,-4,0,0,9,0,0,0,0,0,0,0,0,-8,0,0,21,0,0,0,0,0,0,0,0,-17,0,0,8,0,0,0,0,0,0,0,0,-7,0
440402,,1,1,0,0,0,-0,0,-0,-0,0,-0,-4,-0,1,2,0,-0,-1,-1,1,-0,-0,-0,-1,0,-0,8,-0,-0,-0,-1,-0,-0,-0,-0,-5,0,-0,12,-0,-1,-0,-0,-0,0,-1,-1,-8,0,3,7,0,0,-1,-1,-0,0,-1,-0,-7,-0
440403,,0,0,1,0,0,0,0,0,0,0,0,-1,0,0,0,0,0,0,0,0,0,0,0,0,0,0,0,1,0,0,0,0,0,0,0,-1,0,0,0,0,0,0,0,0,0,0,0,0,0,0,0,0,0,0,0,0,0,0,0,0,0
440405,,0,0,0,0,0,0,0,0,0,0,0,-0,0,0,0,0,0,0,0,0,0,0,0,-0,0,0,2,0,0,0,0,0,0,0,0,-2,0,0,14,0,0,0,0,0,0,0,0,-12,0,0,0,0,0,0,1,0,0,0,0,-1,0
440406,,0,0,0,0,0,1,0,0,1,0,0,-2,0,0,0,0,0,1,0,0,-0,0,0,-1,0,0,3,0,0,0,0,0,0,0,0,-2,0,0,3,0,0,0,0,0,2,0,0,-2,0,0,5,0,0,0,0,0,-1,0,0,-3,0
440409,,0,0,1,0,0,1,0,0,0,0,0,-3,0,0,2,0,0,0,0,0,0,0,0,-2,0,0,1,0,0,0,0,0,0,0,0,-1,0,0,9,0,0,0,0,0,0,0,0,-8,0,0,6,0,0,0,0,1,0,0,0,-7,0
440410,,,,,,,,,,,,,,,,,,,,,,,,,,,,,,,,,,,,,,,,,,,,,,,,,,,,,,,,,,,,,,1
510104,,-4,-1,-1,-2,2,6,-3,4,2,-7,1,-3,-7,1,5,4,0,-3,-2,3,3,0,4,-13,-1,0,2,6,-3,-4,2,7,4,-0,-1,-11,-2,-1,1,2,-0,-3,7,5,5,-0,-1,-19,-1,1,-1,-0,-3,-2,-3,10,2,3,-1,-10,-2
510106,,0,-0,-1,-2,5,0,0,2,-1,-5,3,-4,-6,6,2,3,1,0,-0,-0,1,1,0,-9,1,2,-1,3,2,-1,2,1,0,-0,-0,-8,0,0,-0,0,1,-1,1,2,-0,-5,4,-3,1,1,2,0,-1,-2,-1,2,0,1,-0,-5,1
510108,,0,2,-2,-2,3,1,-6,7,3,-5,-1,-7,-8,0,12,-7,1,0,1,5,3,-0,1,-9,-1,-1,3,-0,1,-3,-0,6,2,3,1,-14,-0,-1,-0,-3,4,-1,2,7,-0,-1,2,-8,-2,5,-4,4,-5,2,-3,5,2,2,-1,-4,-2
510109,,0,-1,-3,2,3,-2,-1,5,-1,-5,2,-12,5,1,2,4,-0,0,-1,-2,3,2,4,-20,3,2,1,1,-0,2,2,2,1,1,1,-16,3,0,0,1,0,-1,0,0,-0,-0,1,-8,2,3,0,0,-1,-1,-1,3,-0,1,1,-10,-0
510113,,2,2,0,-9,10,-3,2,2,-5,-4,3,-5,-2,2,8,3,0,-1,-3,1,1,-1,1,-10,1,3,2,3,-1,-1,2,0,3,-0,-1,-11,2,2,0,1,0,-2,-2,2,1,-1,3,-8,3,1,0,1,-1,-2,-1,3,0,2,1,-10,0
510117,,1,0,-7,-3,4,-6,12,2,1,-7,3,-7,6,1,4,0,1,-2,-1,1,2,-0,0,-12,2,1,1,-0,1,-1,2,-1,4,1,-0,-9,3,1,2,-0,-0,-2,1,1,-0,-1,2,-8,1,1,-1,1,0,-2,1,3,1,-1,0,-7,1
510118,,0,-0,-3,-4,6,-1,1,-1,1,-4,2,-10,1,0,6,2,1,2,-1,1,1,1,-2,-11,1,2,0,1,-0,-0,-1,3,1,3,0,-10,1,1,2,0,-0,-0,0,2,0,-1,-1,-7,4,1,1,3,-2,-4,1,3,-0,-1,1,-9,-1
510120,,2,-4,-5,2,5,0,-0,3,4,-6,4,-11,-4,3,4,-1,3,-1,-1,-1,5,2,-2,-8,0,2,2,1,1,-3,-0,3,4,1,1,-16,1,-2,2,1,-2,0,1,2,3,-0,-0,-9,-0,3,-0,-1,-0,-5,-0,3,1,2,-2,-6,-0
510122,,-3,1,-1,-2,2,1,-0,-0,-1,0,3,2,-1,0,-0,-4,-0,1,-1,1,-1,-2,1,8,1,-4,14,-10,0,3,1,4,-0,1,3,-15,3,2,1,2,4,-2,0,0,-2,4,1,-12,1,-2,0,-0,0,-3,1,1,-1,1,2,0,1
510124,,2,-0,1,5,0,1,-9,3,3,-4,2,-6,2,1,6,2,1,-2,-4,1,2,0,2,-15,2,6,-4,1,-1,3,-5,3,2,0,0,-9,5,2,6,3,0,-2,-6,2,1,-1,1,-12,2,2,3,4,-1,-2,-6,0,1,0,0,-8,0
510126,,4,-5,5,-2,0,-2,-0,3,7,-1,-3,1,6,-1,-7,-1,5,1,2,-1,-2,0,-1,2,1,9,-2,3,0,-0,-6,-8,3,3,-0,-3,21,1,-6,7,-11,6,2,1,-4,-3,2,-12,0,0,0,-0,-0,30,-0,-23,0,0,1,-2,1
510127,,-6,-13,-9,-1,-1,1,23,14,3,-1,-4,-11,-2,-1,-4,6,16,2,3,-1,1,4,9,-35,1,-4,-8,-1,1,7,10,6,4,-1,0,-15,-9,3,-19,-4,16,18,9,4,0,1,2,-17,-13,-2,-3,-5,16,4,7,1,-1,-11,1,4,-4
510128,,-1,0,-2,0,0,-2,-1,1,12,1,0,2,-5,-1,1,-0,-1,-2,1,-5,-2,-4,7,14,-0,37,3,1,-1,-11,-2,9,-1,-2,8,-31,-1,-1,-1,1,-4,13,0,1,-3,-1,1,-7,7,-0,-1,-0,-0,1,-2,6,1,-1,0,-10,-1
510130,,-6,-4,-3,-1,3,-0,1,12,4,-6,6,-23,1,-4,3,2,1,-0,-1,29,3,2,1,-36,-5,1,2,1,0,-1,1,8,1,0,-2,-11,0,-3,-1,1,0,0,1,4,4,-3,4,-18,-3,-0,0,1,-0,1,-0,6,5,0,2,-21,-6
510131,,0,2,-5,-4,6,-4,3,0,8,-2,2,-11,-3,2,4,5,-0,-2,-0,-1,7,-1,3,-18,6,1,1,2,0,-1,2,1,3,-3,1,-15,-0,5,0,2,1,-3,-0,4,1,-1,-1,-9,2,1,1,1,-1,-5,-3,6,2,2,-1,-9,1
510132,,1,2,-4,3,-1,2,-0,0,-2,-3,2,-5,-0,-1,1,3,0,-1,-1,4,1,1,-1,-5,-3,7,2,2,0,-1,-1,4,1,-0,1,-13,3,6,1,1,-0,1,-1,0,1,-2,2,-10,0,2,-0,-0,-1,-2,-1,-1,1,2,0,-3,1
510133,,,,,,,,,,,,,,2,0,2,3,0,1,-0,-4,4,1,-3,-7,-1,0,4,0,1,-1,-1,3,1,2,1,-13,3,-0,2,0,-0,-3,-0,0,1,-2,2,-5,3,2,1,1,1,-7,1,2,-1,2,0,-6,1
510134,,,,,,,,,,,,,,,,,,,,,,,,,,1,3,4,-0,-0,-2,3,1,4,1,-1,-14,4,2,-0,0,1,-2,0,0,2,-0,2,-8,-0,-0,1,3,-1,-2,-0,3,3,1,0,-8,-0
510206,,5,-3,5,4,-9,-10,10,3,2,-4,-3,-8,-4,10,6,6,1,-5,-2,5,1,1,4,-23,3,7,2,4,-3,-4,2,-1,2,1,-5,-11,8,5,-0,1,-0,-6,2,3,-2,2,3,-21,6,0,5,-0,-2,-3,-1,1,2,2,-2,-12,7
510208,,5,-0,-0,-16,10,-4,3,8,5,-6,-4,-9,-2,4,4,9,1,-3,-5,11,1,-1,7,-28,2,7,-0,6,-1,-4,1,1,1,1,3,-25,9,4,3,-1,-0,-3,-2,6,1,0,-3,-21,6,1,2,2,-1,-5,-3,10,6,-1,-1,-21,0
510212,,2,-3,-3,-7,3,-0,3,12,6,-7,4,-14,-6,1,1,8,-2,-5,-1,7,-0,3,-1,-7,3,4,2,-2,-5,-5,7,8,2,3,-4,-14,9,3,-1,2,-5,-2,1,5,3,-2,-2,-11,5,-4,3,5,-4,-11,10,-0,4,1,-3,-8,1
510215,,2,2,-5,10,-1,-2,-2,-1,1,4,1,-7,-5,3,2,3,2,0,-0,-0,0,-1,6,-12,1,3,2,2,-1,-1,-1,2,2,1,-2,-9,3,1,1,3,-1,-4,-1,2,-0,5,-3,-7,-0,-2,2,0,2,-2,-1,3,3,1,-2,-10,3
510219,,3,-3,-9,5,-8,4,4,5,7,-4,-1,-15,-0,2,6,8,1,-4,-4,4,4,2,3,-25,-0,0,0,0,-0,-4,7,3,4,0,1,-17,3,-2,1,0,3,-10,7,7,3,2,2,-21,11,-5,-2,-1,-3,-5,5,5,0,2,0,-7,-2
510223,,7,-2,8,-7,2,-6,5,3,3,-3,-3,-17,-6,4,2,10,3,-1,-4,-3,-1,2,-2,-8,5,1,0,4,-1,-4,1,2,0,2,-2,-14,7,-1,1,3,7,-4,2,-1,-2,2,-2,-18,9,3,-3,5,0,-6,-3,4,7,-3,-2,-13,-0
510233,,0,0,-1,2,-6,1,-5,11,2,0,-2,-10,-1,3,2,2,5,-6,0,7,5,0,0,-17,0,2,2,1,-1,-6,5,2,1,2,8,-22,3,1,-2,3,1,-10,3,10,4,-5,1,-11,2,4,-1,-1,1,-5,6,6,3,2,-3,-17,4
510235,,6,1,4,-4,8,-9,6,-2,4,-2,-5,-11,-3,5,2,1,1,-6,0,-4,4,3,0,-7,4,-1,-0,0,0,0,-3,2,2,-1,1,-8,7,5,-0,3,-3,-5,2,3,2,-1,0,-14,4,-1,0,1,-2,-3,3,-0,1,6,-2,-13,-0
510236,,7,-4,2,3,-9,7,-2,1,2,-1,-3,-11,-5,2,9,-1,1,-2,7,0,-0,-1,-0,-8,0,4,1,-1,2,-4,4,3,3,1,-1,-15,4,1,0,2,-4,-6,2,5,3,-6,4,-6,8,-0,-0,0,-0,-9,5,-0,1,0,-2,-7,2
510237,,3,1,-5,-3,3,-2,6,-1,8,-8,-1,-13,-6,5,6,12,2,-5,-0,-1,5,4,-4,-25,1,5,7,5,0,-2,-1,5,-1,-0,1,-28,5,6,3,3,3,-4,-3,7,1,-2,0,-20,-4,4,4,-1,0,-4,4,3,2,3,-5,-13,-1
510238,,6,3,-10,-2,9,-9,2,7,1,-8,3,-15,-8,8,6,5,4,-6,-4,17,3,-1,-0,-26,-1,4,1,3,1,-7,4,6,-4,7,-4,-16,3,6,5,-1,-1,-2,3,5,3,2,-3,-26,8,1,-5,1,-0,0,3,5,5,2,-6,-18,1
510244,,1,0,-8,39,-17,0,-13,-1,8,-0,4,-9,-1,8,-1,-5,1,-0,4,-7,-5,0,3,2,0,0,6,2,0,-4,0,5,-1,5,1,-21,5,5,3,3,-1,-6,-6,-1,6,4,1,-18,-0,2,2,0,-2,-2,-4,1,-2,7,7,-14,0
510245,,3,1,-10,0,5,-5,1,5,5,-8,-4,1,-7,1,7,12,2,-6,1,5,3,3,-3,-21,7,3,4,-0,-2,-4,1,9,2,-4,-4,-16,12,2,2,2,-1,-6,4,3,3,-1,-3,-25,6,2,1,4,-3,-9,11,2,2,1,-4,-21,5
510246,,-5,1,3,-1,-1,2,5,-1,16,1,-2,-16,-7,4,-2,5,-11,-2,0,1,-5,6,1,11,13,-6,8,-0,1,6,-2,-7,8,-2,3,-20,-0,-8,17,1,0,-1,1,-2,-6,3,-0,-2,0,1,-1,5,-6,3,7,2,-2,1,-0,-14,5
510248,,4,-3,-2,2,-1,2,-0,2,4,-2,-0,-16,-6,10,1,3,5,1,-0,0,0,2,2,-18,6,3,1,0,-1,2,1,1,2,-2,-0,-10,2,4,-1,1,-1,0,6,3,-3,-4,3,-11,5,-2,-1,0,-3,-3,4,5,-4,-1,-0,3,-3
510249,,3,-2,-24,29,-17,-3,3,10,6,-6,-0,1,0,-0,3,-2,3,-1,-3,-0,4,0,-1,-9,5,3,-0,1,-0,4,-9,19,-1,-8,0,-18,4,2,-0,2,1,-5,-1,6,3,-4,2,-11,2,2,2,-2,-1,1,1,-1,4,-3,3,-9,-0
510250,,-4,-5,-2,3,-0,-2,0,16,4,-5,-1,-11,-6,-2,6,5,1,-3,0,8,5,1,3,-26,-4,-0,2,2,-0,-2,2,4,4,-3,-2,-8,2,1,2,2,1,-5,2,10,-1,2,-1,-18,1,-6,2,1,-1,-3,2,14,2,0,0,-17,-3
510254,,3,1,0,1,-6,1,-0,8,-2,-5,1,16,-5,4,1,-2,3,-5,3,1,-9,9,4,-4,-3,5,3,-2,3,1,-2,1,-3,-3,3,-4,-0,-1,0,-3,18,-9,1,7,-2,1,2,-9,-1,1,-0,1,-1,-0,-0,-6,2,-4,-0,13,3
510255,,2,-2,3,-4,2,-2,0,-5,4,4,-3,-1,4,1,2,1,-1,3,-0,-5,-3,1,3,-7,3,4,1,-0,0,2,-3,-3,3,-2,5,-10,2,4,-0,3,1,-1,1,1,0,1,1,-13,0,2,0,2,-2,2,1,1,-4,5,-4,3,3
510256,,-4,-1,-7,1,9,1,2,2,1,-2,0,5,6,-0,1,-3,-0,0,2,4,1,2,-0,-12,3,1,-3,-2,0,-2,2,4,4,-5,-4,2,4,2,-0,3,-1,3,1,6,4,-4,1,-14,-1,2,-2,-3,-0,2,1,2,0,-2,2,-1,-1
510257,,6,-4,-1,-12,10,-1,4,3,-1,-4,7,-14,-3,4,4,5,1,-4,1,10,-1,6,-1,-21,1,5,4,1,-5,-4,2,2,-0,5,-3,-19,9,2,3,3,-3,-4,1,3,1,1,-4,-14,5,-0,7,-1,-3,-1,-1,2,6,-1,-3,-18,9
510258,,1,3,1,-2,-1,-2,-1,2,4,-4,1,2,-1,2,1,-1,0,-2,-1,-1,1,0,-1,3,3,-2,2,3,-1,1,2,2,2,1,0,-14,5,0,1,-1,1,-1,-2,5,1,-1,-1,-6,3,0,2,-6,-1,2,2,-6,7,4,-1,-9,0
510259,,7,9,-3,4,-5,-8,-5,3,8,-6,-6,-5,-3,5,10,-3,6,-0,-1,-5,1,9,-5,-23,5,11,4,1,-1,-3,-0,5,-2,5,-3,-30,4,4,3,2,2,-4,-4,2,4,5,-1,-29,4,0,4,6,-2,-2,-0,0,2,4,-2,-22,0
510260,,3,-2,0,-1,-1,-3,2,8,1,3,1,-5,-1,2,1,-6,6,-5,-2,-4,9,-1,-9,15,8,-1,-5,-0,3,-0,1,1,-4,-0,-0,2,1,-1,2,1,26,-9,2,1,-11,-1,1,-4,-1,1,2,-3,-1,-0,-2,-0,-3,1,1,11,1
510261,,,,,,,,,,,,,,-1,1,2,5,2,-6,-1,2,0,2,-1,-9,2,-1,1,2,-1,-9,5,3,0,7,-2,-8,3,-0,2,5,-5,-3,9,0,2,2,-4,-16,4,-1,3,-0,-0,-3,4,3,4,-2,-2,-14,4
510324,,-1,-1,-3,5,-1,-1,1,2,1,-3,2,-1,1,-1,2,-0,0,1,-0,2,3,0,1,-12,0,2,-1,0,-0,1,1,1,3,-1,-0,-3,1,0,1,1,-1,-2,-3,3,0,0,1,-5,5,-1,0,1,-0,-5,2,2,1,7,-6,-10,-1
510328,,10,-4,-8,1,-3,-5,8,2,-2,-7,-1,-1,11,1,-1,7,6,-4,-3,1,6,0,-1,-25,-4,5,2,-2,3,4,3,-2,6,1,1,-19,-3,2,-2,0,-1,-1,9,-2,-3,-1,-0,-0,6,3,-0,-3,-7,-7,5,10,-2,-1,0,-5,5
510330,,0,-0,-1,2,3,-1,-4,1,2,-5,-0,8,2,1,2,2,0,-0,-2,3,0,-1,0,-10,3,-1,-2,2,0,-3,-1,3,1,1,-1,-4,1,3,-2,3,-3,-1,2,2,7,-2,2,-13,-1,-4,1,3,1,2,1,4,4,-3,3,-10,0
510336,,-1,-2,-3,1,4,-4,2,1,2,-1,-2,4,1,-1,0,1,-0,-2,2,0,3,-0,2,-7,-1,1,0,-2,3,0,-1,5,1,3,-1,-9,0,3,1,-0,-6,-5,-1,6,1,-0,2,-1,0,-0,5,-1,-2,-6,5,6,-1,2,0,-20,0
510340,,-5,-1,1,4,2,-5,3,2,-3,4,-5,0,0,-2,3,-1,1,-8,2,7,2,1,1,-13,-2,7,-8,5,2,-8,-0,6,3,5,-1,-14,3,-5,8,7,10,-15,1,1,-2,-1,21,-32,0,1,-2,1,-7,6,1,-4,-3,9,1,2,1
510344,,3,-4,5,-1,-3,1,4,-4,2,-0,5,-12,-1,-1,2,2,-0,-4,2,5,-1,0,2,-5,-0,-1,0,1,5,-11,-1,7,6,4,-1,-6,5,5,1,2,1,-2,3,4,-2,3,-0,-22,-3,1,7,-2,-3,1,1,-0,1,-0,1,-10,-4
510347,,-8,-4,-3,-7,5,0,4,3,1,-2,2,6,-5,-4,3,-3,1,-1,3,4,8,4,-0,-15,-3,0,-3,3,-1,-0,7,5,4,8,-2,-25,-2,3,-1,-0,-5,2,8,6,1,1,1,-21,-1,1,-1,-1,-2,1,3,12,3,1,1,-19,-8
510348,,-1,-1,2,2,-2,3,3,1,8,-8,3,-11,2,1,-0,0,-5,-4,12,1,2,0,4,-15,-4,17,-3,4,10,3,-3,1,-1,-5,-1,-22,3,1,1,6,-1,1,13,3,-1,1,-2,-22,-1,1,-1,-0,-2,2,-8,5,1,-2,-1,6,-3
510349,,1,-6,-1,4,-3,1,2,2,4,-1,0,-1,1,3,0,4,1,-2,-2,1,1,-0,0,-10,1,1,-5,0,-0,1,-0,3,2,0,2,-4,3,1,4,-0,-3,-3,4,3,0,1,-1,-13,1,-3,0,3,-2,-3,5,4,1,-3,1,-9,2
510350,,,,,,,,,,,,,,1,-2,1,5,1,0,-1,3,1,-1,1,-9,1,5,-2,0,-1,-1,2,2,2,-0,1,-10,1,3,-2,2,-2,-5,1,1,2,0,2,-11,4,2,-1,-1,-2,1,-4,5,0,2,1,-10,-4
510351,,,,,,,,,,,,,,-2,0,3,7,-2,-7,4,3,1,1,-0,-10,3,0,1,3,0,-6,6,4,4,3,-2,-17,9,1,-1,-0,-4,-2,1,3,-1,-1,3,-8,4,-3,2,-1,-1,1,2,-4,4,1,-2,-6,3
510352,,,,,,,,,,,,,,-3,-9,8,3,1,-1,5,6,0,1,-3,-10,3,4,-4,2,1,-4,1,2,4,-7,0,-0,9,-2,2,1,3,-2,-0,9,4,-2,-1,-21,-0,2,1,2,-3,-10,5,6,-0,-3,2,-9,1
510353,,,,,,,,,,,,,,,,,,,,,,,,,,,,,,,,,,,,,,8,4,-4,-2,6,-9,-4,12,9,2,-1,-22,-2,1,-2,1,-3,-5,1,-1,8,3,3,-11,-5
510402,,0,1,-4,3,1,1,-1,0,0,-3,1,-2,-1,1,-1,3,-1,0,-1,-0,2,0,0,-2,0,0,0,0,-0,1,1,2,1,1,-1,-6,1,-0,0,-1,2,-0,0,1,1,-1,1,-5,-2,1,-1,1,-0,0,-1,0,2,-0,0,-1,0
510405,,-1,-1,2,-2,-2,6,-3,2,2,-2,-2,-2,0,7,-2,0,-1,-3,0,3,5,2,-2,-11,4,-1,5,-2,-2,-3,0,7,1,2,-1,-14,7,5,-2,2,1,-4,4,2,-0,-0,2,-22,4,-1,-1,2,-3,-0,-1,4,2,-1,2,-11,1
510406,,1,-0,0,1,-1,2,0,-0,-0,2,-1,-2,-0,-1,-0,1,0,-2,0,0,2,0,-0,1,0,1,-1,0,0,-0,0,2,0,1,1,-7,3,1,-1,2,-0,2,0,1,-1,-1,-1,-6,-1,0,1,1,0,-2,1,-2,2,1,-1,0,-1
510407,,-0,-1,4,-5,8,0,-1,1,-0,-2,0,-5,0,-1,2,-2,3,-1,-2,1,2,2,-1,-1,0,-1,1,-1,1,-1,-1,3,2,-1,-0,-2,3,1,-2,4,-1,1,1,-1,1,2,1,-15,3,1,-2,2,-1,-2,1,3,-0,-0,-0,-3,-2
510413,,-0,-1,-4,4,5,-1,1,-1,1,-2,1,-4,-3,2,0,2,-1,0,0,0,-1,1,-0,-1,1,1,0,-0,-1,-0,2,2,2,0,-0,-8,0,4,1,-1,-1,1,1,0,-1,1,1,-8,-1,0,0,0,-0,1,-0,0,0,0,0,-1,1
510415,,-1,-1,1,4,-3,-2,1,0,0,-1,2,-0,-1,1,-0,1,-2,0,0,0,1,0,0,2,-0,-0,-1,2,2,-1,3,4,0,1,0,-9,-0,0,2,1,-1,4,1,1,0,-0,2,-11,-0,3,-0,-0,-0,0,1,1,0,-3,-0,3,-0
510419,,1,-1,-3,5,-1,-4,2,2,-2,-1,0,-0,6,1,1,4,-2,-3,2,3,-3,-1,6,-13,-0,1,3,-0,-0,1,1,7,2,2,-1,-16,4,1,1,1,-0,-1,-0,1,1,-0,1,-8,-1,0,1,-1,1,-1,-1,1,-0,-0,0,-1,2
510429,,-3,3,19,-2,-0,-1,-12,1,-1,1,4,-5,5,-1,-1,-1,0,-0,1,1,0,2,0,-7,3,1,1,1,-2,0,1,-0,2,0,2,-12,1,1,-0,1,-3,-1,2,2,2,0,-0,-6,1,0,-0,0,-1,0,-0,0,1,0,1,-3,2
510432,,-1,-3,-2,-1,-1,-2,-2,10,8,-3,-0,-10,-3,2,1,1,2,-5,2,3,3,6,-1,-14,-3,3,3,1,2,-9,5,6,3,2,-1,-11,-1,-0,-0,3,-4,-3,6,1,6,3,3,-15,-5,-0,8,-1,-3,-5,1,7,-2,2,2,-2,-11
510433,,-2,1,-2,3,-5,0,3,0,6,-8,-0,15,-2,-2,-0,0,-0,0,4,1,6,-0,-1,-6,-2,4,0,0,1,-1,1,2,1,-2,-1,-6,-1,1,1,0,-1,-0,1,4,2,-2,-1,-2,-1,2,1,0,-1,-1,-1,-1,4,-3,4,-6,-2
510434,,-8,3,6,6,-3,1,3,1,4,-2,1,-19,-7,5,2,1,1,-1,-1,4,-5,1,5,-5,-8,5,0,3,2,-1,2,6,-0,-1,1,-17,-7,5,1,4,-1,-2,4,8,3,-5,2,-15,-1,3,-5,4,1,-3,0,-3,1,-0,2,1,-9
510435,,,,,,,,,,,,,,,,,,,,,,,,,,3,1,-2,1,1,3,-2,-0,3,-2,2,-17,-0,-2,3,5,1,3,-0,-6,5,-0,0,-30,98,0,-2,1,1,-2,3,-1,2,-2,2,-53,-6
510436,,,,,,,,,,,,,,,,,,,,,,,,,,1,1,-2,1,3,-3,-1,8,-1,1,-1,-17,4,1,6,2,-0,-7,14,4,2,5,-2,-29,-1,1,-1,-1,-4,-12,13,7,3,0,2,-14,-5
510437,,,,,,,,,,,,,,,,,,,,,,,,,,2,-1,-3,1,2,2,1,3,1,2,-2,-13,-0,-1,2,1,-1,8,-0,2,0,-2,4,-15,-0,-0,2,-1,-4,1,-1,2,0,0,-2,3,-2
510438,,,,,,,,,,,,,,,,,,,,,,,,,,-0,2,-1,1,3,1,1,1,0,-0,-1,-6,1,8,-6,-0,1,-1,0,2,-1,-1,1,-6,-1,-1,-1,1,1,0,-2,-0,0,0,1,2,-1
510439,,,,,,,,,,,,,,,,,,,,,,,,,,,,,,,,,,,,,,2,0,3,1,1,-1,0,2,-1,-0,2,-8,1,0,-0,0,-0,-0,-1,1,0,0,0,-3,-0
510440,,,,,,,,,,,,,,,,,,,,,,,,,,,,,,,,,,,,,,,,,,,,,,,,,,-1,3,0,-2,0,4,-3,2,0,0,3,-7,0
510501,,2,1,-5,-3,4,-1,1,1,0,-4,-1,-7,3,1,6,5,1,1,1,0,0,-5,2,-13,-0,-1,2,2,2,-1,1,1,-2,-0,-0,-3,2,2,-0,1,-0,0,1,-0,-1,0,-1,-3,-0,1,-0,1,-0,-0,1,1,-0,0,-2,-4,4
510506,,5,1,-5,-1,-2,-1,-2,-1,4,3,-0,-10,1,5,4,1,-2,-4,-4,-2,9,-1,0,-6,4,4,1,1,-2,-3,-5,6,-1,4,-2,-8,2,5,-1,-0,2,-6,-4,2,0,1,-1,-9,1,2,4,-2,-2,-6,-1,0,1,1,4,-10,-1
510507,,1,0,-2,1,1,0,-2,1,2,1,-1,-7,1,-0,-0,1,0,0,2,-0,-3,2,1,-2,1,1,1,0,-0,1,0,0,0,-1,-2,-1,1,1,-0,0,1,0,-3,3,0,-2,0,-1,1,-1,1,1,-2,1,1,0,-3,-2,1,-2,-0
510508,,0,1,-1,0,-0,0,1,-0,1,-2,-2,-2,2,-1,0,1,2,2,-0,1,0,-0,0,-5,1,0,-0,0,-1,2,-1,2,3,-2,-3,4,-0,-1,-1,0,0,1,1,0,0,-1,-2,-0,0,1,-1,1,-1,2,-1,2,-1,-0,-0,-3,-0
510515,,1,1,-5,1,-2,0,3,-1,-0,2,-6,0,-2,5,0,3,-2,0,1,0,3,1,1,-11,2,2,0,1,0,-1,-4,3,2,2,-3,-5,3,1,1,2,0,0,-0,-1,1,2,-1,-12,0,-1,-0,1,-1,-1,3,-0,-0,2,-1,-1,-1
510516,,2,-3,1,2,-5,4,0,1,0,-2,-0,1,-3,3,1,2,-0,3,-0,-0,-2,-1,1,1,1,-1,8,-1,1,-0,2,-4,-0,-1,1,-5,3,-2,2,-2,2,3,1,3,-3,-2,-1,-4,-1,-1,1,-0,1,-1,1,-1,2,-1,0,-4,1
510517,,-1,7,-2,1,-2,-1,1,1,1,-3,4,-6,-4,-0,1,7,0,-0,1,5,-0,0,0,-11,-2,2,-1,-1,2,1,4,0,1,-1,-3,-2,-1,5,-3,-0,2,1,0,1,-0,1,-3,-1,0,-1,1,-1,0,1,1,2,-2,1,-1,-3,1
510528,,-0,1,-5,-2,-2,4,2,4,4,-5,-2,-0,-3,-0,4,5,-2,-1,1,1,-1,-1,11,-22,-1,-0,12,0,0,-2,3,7,-1,-9,10,-8,0,1,1,-1,-1,2,2,-2,3,-2,-4,6,2,0,3,-0,-5,8,-8,9,0,-1,0,-8,1
510529,,-5,2,1,5,-3,2,1,5,3,-5,0,-19,-6,-0,3,-2,2,-3,5,4,0,2,1,-9,-10,-0,2,4,2,2,4,3,2,-2,-3,-4,-2,0,11,3,2,-1,2,2,-1,-1,-2,-15,-4,-4,2,1,6,3,1,1,2,-1,-3,-10,-3
510530,,2,0,-3,1,-2,3,1,2,-1,-1,-1,-7,-1,6,2,4,0,-3,-1,2,0,0,-1,-11,2,1,1,1,-3,-2,1,4,0,1,-3,-3,2,-1,-0,-0,3,-0,0,1,-0,-0,-1,-8,2,3,1,-1,-2,-2,4,1,2,-2,-2,-1,1
510533,,3,0,3,-3,-0,-5,6,0,-4,1,-3,-13,-2,5,-0,3,1,-3,-2,3,7,9,-3,-17,3,1,1,1,-4,-1,3,1,2,-1,-6,-2,4,3,-2,2,2,-1,1,2,-1,1,-2,-11,-0,4,1,-1,-4,-2,0,4,-0,1,-5,1,5
510536,,,,,,,,,,,,,,,,,,,,,,,,,,,,,,,,,,,,,,,,,,,,,,,,,,,,,,,,,,,,,,1
510537,,,,,,,,,,,,,,,,,,,,,,,,,,,,,,,,,,,,,,,,,,,,,,,,,,,,,,,,,,,,,,-0
510538,,,,,,,,,,,,,,,,,,,,,,,,,,,,,,,,,,,,,,,,,,,,,,,,,,,,,,,,,,,,,,-4
520103,,1,1,-5,1,1,1,0,0,0,1,-5,1,1,0,1,3,-1,-0,1,1,2,1,-1,-8,0,-1,-0,0,3,-3,0,2,1,-0,1,-3,-0,-0,-0,1,-0,1,-1,3,-1,0,-1,1,-2,-2,2,-1,0,-1,1,1,2,-4,2,2,0
520109,,-3,-2,-3,2,-2,-7,10,1,-0,-8,8,3,-1,1,-0,4,-1,-0,0,-1,1,-1,0,-2,-0,2,5,-1,1,-4,1,2,0,0,-2,-7,2,1,-1,1,1,-4,2,4,-1,0,-4,-1,-1,2,1,-2,-2,1,2,-1,1,1,-2,-3,2
520118,,3,-2,-3,2,3,-3,0,2,-4,-1,1,3,-0,2,0,-0,0,0,3,0,1,4,1,-10,-1,3,0,1,-0,-1,1,-0,-0,2,-6,-4,1,-1,1,-1,1,-2,2,-3,4,-3,-5,6,-1,-0,0,0,-0,-1,-0,-4,3,-1,-1,4,2
520123,,-1,1,-2,1,1,2,-4,1,0,-1,4,1,-7,5,0,-0,-0,1,1,1,0,0,-1,1,-0,1,1,1,-1,-3,2,0,-1,1,-0,-1,2,1,-0,0,0,2,-1,-0,-0,1,0,-5,2,1,1,0,1,-2,0,3,0,-0,-1,-6,0
520130,,1,-0,-0,-1,1,3,3,1,0,-3,4,-11,-1,0,0,6,1,-1,0,1,-0,1,-0,-7,1,2,0,3,-0,1,3,0,1,-1,1,-11,1,1,1,1,-0,-0,2,-1,0,0,1,-4,1,0,1,1,0,2,1,2,1,1,-0,-8,3
520131,,2,1,-4,-1,7,-1,-1,-0,-1,1,-1,-1,0,0,-2,3,-0,-3,3,0,-1,1,-1,-2,2,1,-2,3,-2,2,2,-0,-2,1,-0,-6,4,1,-1,1,-1,-0,0,-1,1,-0,-1,-6,1,1,-1,0,-2,1,0,-0,1,1,0,-4,2
520132,,9,0,-1,2,2,-1,0,2,2,4,4,-24,3,1,4,-0,3,-1,2,2,-1,0,3,-19,5,2,-0,1,-1,0,1,2,-2,0,3,-12,3,2,-2,1,1,-1,1,1,-2,1,3,-17,6,2,-1,-2,-2,-4,5,2,-1,0,3,-11,1
520134,,10,-3,-8,0,1,-4,1,2,-2,-6,9,-9,2,4,-1,-0,1,-1,-3,7,-0,2,2,-14,0,3,5,3,-0,-1,-5,4,-1,4,-3,-12,-2,3,2,-1,-1,0,-4,1,0,-1,-0,2,-1,-0,0,0,0,0,-2,1,0,-1,0,-2,-0
520135,,1,-0,-3,1,0,3,-2,-1,-1,-3,1,-7,6,1,-2,1,-0,-2,4,0,-4,2,1,-8,2,1,-1,3,-3,-1,7,-1,-4,4,0,-12,6,-0,-2,2,-5,1,5,-0,-4,3,1,-11,4,0,-2,2,-3,-2,5,-2,-1,3,-0,-9,4
520136,,3,-0,-4,-6,7,0,0,1,1,4,-3,-11,4,0,-2,2,0,-1,1,-1,1,0,1,-6,3,5,0,-1,2,-2,1,-2,1,-2,-3,-2,2,1,0,1,-1,-3,2,1,-1,-0,-2,-2,2,-2,-0,-1,-1,1,0,-1,-0,4,-2,-4,4
520137,,1,-1,6,0,-5,1,3,-1,-2,2,-1,0,1,-2,-0,-1,1,-1,2,-0,-0,1,1,-6,3,3,-2,1,-1,0,7,-1,-3,2,2,-10,3,-1,1,1,0,-0,2,1,-1,-1,1,-7,1,1,-1,3,0,0,3,0,-1,1,2,-10,4
520138,,-0,0,-1,1,0,0,-1,0,0,-0,1,-2,-0,0,-0,1,-0,-0,0,-0,-0,0,0,-1,0,-0,0,0,-0,0,2,-0,0,0,1,-2,-0,1,-0,1,0,6,0,0,0,0,-0,-7,0,0,1,-0,0,-0,0,0,0,-0,2,-4,1
520139,,0,0,-5,-10,12,0,3,1,-0,-1,-1,2,-1,-0,1,1,1,0,0,-0,-0,0,-0,-2,0,-0,0,-0,-0,1,0,0,0,0,0,-1,-0,1,-1,0,0,5,1,0,1,1,0,-9,1,1,1,0,0,0,-0,-0,0,0,1,-2,0
520140,,-2,-1,2,2,-5,-3,0,3,-2,1,1,2,-6,3,0,7,0,-1,-2,0,2,1,-2,-2,2,-3,3,1,1,1,3,-1,1,0,-0,-10,1,1,2,0,1,0,2,-1,1,0,1,-11,0,2,0,-1,1,-3,4,-0,1,0,-2,-2,2
520141,,-1,2,-5,7,-7,-5,6,-1,-3,-3,3,4,-0,0,-1,1,6,-2,-1,-1,3,-1,2,-4,1,-0,0,1,-3,1,-3,1,2,1,-3,-2,-5,-0,2,-0,3,-1,1,1,-1,1,-5,8,-1,2,0,-1,-0,-1,2,-1,-0,0,0,1,0
520142,,1,1,-2,-1,3,1,-5,1,1,-0,1,-6,3,2,2,-1,-0,-1,4,-2,2,3,-2,-12,3,0,1,0,1,-1,-1,-1,4,0,-1,-4,2,1,0,1,0,-1,-3,3,-3,-0,2,-4,1,-0,0,1,-0,-1,-1,4,2,-3,2,-10,2
520143,,,,,,,,,,,,,,3,1,-0,-4,-2,-3,5,-0,0,-9,-2,14,-0,-0,-5,-0,-3,0,1,2,-2,1,-9,23,5,-2,2,-1,-5,2,4,-3,3,-4,-5,4,3,-5,6,-6,-3,5,-2,-3,1,-1,-0,3,7
520202,,0,-0,-0,-2,3,1,-0,0,-0,-0,-1,3,0,-0,-0,1,-0,-0,-1,1,2,0,1,-3,0,-0,1,1,-3,2,-1,1,-0,5,-3,1,1,1,2,-0,2,-3,5,5,4,-4,4,-16,1,0,-2,4,2,1,1,1,-0,-1,1,-5,0
520207,,0,0,2,0,0,0,0,0,0,0,0,-2,0,0,2,0,0,0,0,0,0,0,0,-2,0,0,0,0,0,0,0,0,0,0,0,0,0,0,3,0,0,0,0,0,0,0,0,-3,0,0,0,3,0,0,0,0,0,0,0,-3,0
520209,,-1,5,-5,-0,-3,-7,1,-0,-13,19,8,1,2,-3,-0,4,-6,4,0,-3,2,-2,3,1,4,-0,0,-0,6,-4,-0,2,0,-1,0,-4,7,4,0,3,-3,-0,2,-2,0,3,-0,-10,1,1,-0,-0,0,1,-1,3,-6,2,-3,6,-1
520213,,-1,1,-0,1,-0,0,0,1,-0,-0,-1,-3,-1,-1,1,-1,-0,-2,2,-1,-0,-0,-0,3,1,2,2,1,2,2,5,2,-0,3,1,-16,-1,1,0,-2,3,1,0,-2,1,-0,2,-5,0,-2,-0,-3,-3,-0,-1,3,-5,-0,-1,14,-1
520215,,-8,5,-5,-0,2,5,-6,2,0,2,-2,7,-1,6,-7,9,-8,5,-6,0,3,2,-2,0,-1,-0,2,3,-6,7,3,-7,12,2,-8,4,-1,-1,3,1,-2,3,8,-10,7,-1,2,-3,1,-5,3,-5,4,-3,2,2,-4,4,-3,12,-5
520216,,4,-3,2,-2,-1,1,-5,-8,-0,-0,5,6,2,-5,0,-1,5,-5,5,-6,2,3,-1,3,-0,3,-2,2,2,2,0,-0,1,-3,4,-9,0,-0,4,4,-1,3,-0,2,-3,1,-2,-3,-2,4,-2,4,-2,1,1,1,-0,-2,2,-3,-0
520219,,3,2,-6,-1,6,-3,-2,0,-2,0,1,1,0,-1,1,-1,1,-0,0,0,0,-1,1,4,-4,4,-1,6,-4,3,1,2,3,-1,4,-12,3,2,-2,1,0,-1,-1,1,4,-1,-0,-2,-3,3,-3,2,1,-4,6,-3,2,-1,2,-4,2
520222,,-0,-1,2,-0,3,-3,-1,0,0,-3,3,-1,0,-0,-0,0,1,-0,1,-1,-0,0,-0,-2,3,-1,2,-2,2,-0,-0,2,-2,-2,4,2,-1,2,3,0,3,-2,1,1,0,-0,2,-8,0,0,0,-4,2,1,-1,1,-1,2,0,-1,0
520223,,-1,2,-3,4,-0,-1,1,1,2,-1,1,-3,-1,1,-0,-0,1,0,-1,1,0,0,-0,-13,-1,1,21,1,3,-2,1,3,1,-0,3,-24,1,-0,3,1,-1,1,0,0,1,-0,1,-6,-1,0,-1,-10,13,0,-0,1,1,-0,0,-1,0
520226,,-5,6,2,0,-7,1,-2,-2,5,1,-10,24,-3,4,-6,5,-4,7,-6,-0,8,-6,6,-5,1,4,-4,-2,3,1,-1,7,1,-5,5,-5,-2,3,-5,3,0,-1,5,-2,5,-9,6,-1,-2,0,1,-0,0,-0,2,1,-3,-0,2,5,2
520227,,0,1,3,-5,4,1,1,-3,1,-2,-3,0,-1,1,0,1,2,-2,3,-2,-1,-2,0,5,-4,0,1,-1,2,-3,5,-0,7,-0,1,-6,1,0,1,-0,-0,-1,3,0,-1,0,1,-3,1,2,0,-0,0,-0,0,1,-0,-2,1,-0,1
520228,,0,-0,-2,0,-2,0,-1,-2,4,0,1,2,1,-1,-0,-1,-1,2,-0,1,0,1,0,-1,-0,-2,-2,2,0,-2,2,4,4,1,1,-8,0,0,-2,-0,-1,1,-1,4,1,-0,-0,-1,1,-0,-1,0,1,-2,2,1,-1,1,-0,-1,1
520230,,-1,1,-0,-4,5,-7,-1,0,0,-2,-0,12,-2,1,-1,-2,1,0,-5,6,-1,2,-0,2,-1,0,-2,0,1,1,2,0,2,-1,0,-1,-0,-1,1,0,-2,1,0,-1,2,-0,1,-1,-1,-0,1,2,-1,1,0,1,-2,1,-2,0,-1
520234,,-1,-2,3,1,-2,0,-1,2,-3,1,-2,7,-2,3,-1,3,-4,2,1,-0,-1,-0,-2,5,1,-2,-3,6,-1,2,4,-1,-1,-2,-0,4,-2,1,5,-1,-2,5,-2,5,-0,-4,-4,2,-1,3,-1,2,-3,2,2,-1,-2,-3,3,-1,-1
520235,,1,-8,-4,1,-1,-2,3,-0,5,2,0,3,0,-3,-2,-1,-1,-1,0,1,0,4,1,-4,1,1,-0,-8,-0,-2,8,2,5,2,2,-8,2,-0,-4,2,2,1,-2,6,2,1,1,-9,1,-0,-2,-1,2,-3,2,4,-1,-0,-0,5,0
520236,,-2,1,1,2,-1,-1,0,1,0,-1,0,-0,0,-1,0,0,-0,0,-2,2,1,1,-3,1,5,-1,1,-0,1,0,-1,0,2,-0,-0,-5,-0,0,4,2,0,-1,0,2,2,-0,0,-7,-0,1,-0,4,-2,2,-3,4,-2,-2,3,-4,-3
520237,,2,-1,-1,2,-1,-2,2,1,-2,4,-2,-2,1,-1,1,-1,-0,-1,2,-0,2,-1,-0,-2,2,1,1,-1,3,-1,0,3,0,-0,3,-9,-0,-1,2,-5,4,-12,-5,9,-1,5,-9,29,-3,2,20,2,-4,4,-2,-1,2,1,-1,-20,4
520238,,8,-7,11,-5,1,-6,2,4,-11,15,-10,11,-11,14,-11,11,-10,10,-9,-1,12,-4,5,-9,11,-9,9,-7,7,-5,-1,8,-6,7,-6,4,-9,11,-4,2,-1,2,3,-7,10,-6,-7,16,-1,0,1,-3,1,-0,-3,1,4,-4,1,8,1
520241,,-1,-1,1,-1,-1,2,-2,1,1,-1,0,3,0,1,1,-0,-0,-1,-1,-0,3,-2,1,-1,0,1,-2,-0,2,-1,0,0,0,-1,1,-1,1,0,1,1,1,1,-1,-1,1,-0,1,-5,-0,-0,3,0,0,-2,-1,5,-1,-1,1,-5,-1
520242,,2,3,1,-1,1,0,-1,-2,-1,4,-3,-4,-2,3,1,2,0,-0,0,-0,-2,-0,0,-3,0,1,2,-1,0,1,3,3,-0,0,3,-5,-0,4,1,1,1,0,-0,0,-0,3,-0,-12,-1,2,2,0,-3,1,0,2,0,-0,0,-5,-0
520243,,1,-0,-2,4,-0,-2,2,-0,2,-2,1,-2,0,-0,-0,2,0,-1,0,-0,-0,-0,-0,1,-0,-1,3,-1,1,0,1,-0,-2,-0,2,-2,0,1,3,0,0,0,1,-1,2,-0,1,-6,-0,1,-1,-1,-1,2,0,-0,1,-0,0,0,0
520244,,-1,-5,3,4,-9,-0,8,-13,10,3,-8,13,3,-2,4,-3,0,-8,8,-1,3,-1,-7,18,-4,-3,-1,5,-5,4,1,-4,5,-3,7,-3,3,4,1,-4,-4,10,-8,2,4,-3,-7,12,-2,3,-4,7,-4,3,-2,-2,2,3,-0,-7,2
520245,,0,-4,2,-6,1,2,0,6,0,1,0,-2,-3,-1,5,-10,3,4,-4,1,2,2,3,-2,-0,-2,1,-7,1,-1,1,2,2,2,1,0,2,0,-4,4,-4,2,2,2,-1,1,-1,2,0,-0,-2,-2,0,-3,8,-1,3,1,1,-4,-0
520246,,0,-1,-3,3,-0,-3,4,2,2,-1,-5,12,-6,4,3,-3,2,0,-3,5,0,1,-1,1,-3,2,-1,0,2,0,-2,2,2,-1,1,-2,1,-2,0,0,2,2,-1,-1,0,-1,1,-0,1,-1,-3,1,1,2,0,0,-1,0,2,-1,-4
520247,,-1,-1,2,-0,1,8,-2,-7,4,-3,-10,12,4,-3,-2,2,1,1,-1,-2,-1,2,-3,7,-6,6,1,-2,3,-2,2,-3,8,-1,3,-9,5,-2,4,-3,5,-1,0,-2,4,2,-3,-5,1,1,3,0,1,-3,2,1,-2,2,-2,-6,-1
520248,,-2,1,2,0,-9,4,-2,1,4,-5,-0,15,4,-4,5,-1,-2,1,1,-3,6,-3,3,-11,6,-3,0,-2,5,-2,-0,4,0,-2,2,-3,-3,4,-6,5,-3,-1,5,5,4,-6,2,-3,0,-1,1,1,1,-2,1,3,-0,-2,3,-8,1
520249,,1,1,4,3,-2,-4,0,-5,-0,-1,-0,4,1,1,-2,3,3,4,-1,-3,7,-7,4,-8,6,-6,4,-1,-1,5,-3,4,-2,2,2,-6,3,1,0,-1,3,-2,2,-1,-0,-1,0,-3,0,-2,-2,1,-0,-2,0,-1,1,-0,-0,5,-0
520250,,0,-1,-2,2,1,-2,2,0,-1,0,1,1,-3,-0,2,-1,1,0,-1,1,1,-2,2,0,-1,2,-1,2,4,0,0,0,0,0,1,-8,-0,-1,1,1,-0,0,-1,-1,1,-2,2,-3,1,1,-0,0,-1,0,1,1,-1,1,2,-4,-0
520251,,5,5,-1,0,5,-1,-2,-1,-2,0,-8,2,1,3,3,-1,2,-0,0,-3,-0,-2,-0,0,-0,3,1,1,1,0,2,-0,-4,2,-0,-5,6,-4,3,-1,1,2,-1,-0,2,-1,1,-6,0,4,0,-0,1,-0,0,-1,1,-2,0,-1,-1
520252,,-9,11,-7,-1,1,4,0,-3,2,-1,-4,16,-6,2,2,-4,1,-1,1,-5,3,4,-5,15,-6,1,1,1,5,-2,3,-3,4,-3,6,-8,3,-5,3,4,2,4,2,-2,-3,1,-0,-3,0,-3,2,-1,1,-1,2,0,-0,-0,1,-1,-2
520253,,3,-4,0,-1,-3,5,2,-3,4,-2,-6,10,2,1,-2,1,-0,2,-3,4,1,-4,-0,3,-1,2,-3,1,-4,4,-0,2,9,-8,1,5,-1,1,-4,7,-5,-3,10,-2,4,-4,-1,6,3,-5,0,2,-5,5,-0,-5,4,-4,-1,13,2
520255,,,,,,,,,,,,,,,,,,,,,,,,,,,,,,,,,,,,,,-1,-2,-1,6,7,-4,-2,4,-2,3,-5,6,-5,4,1,-2,4,-3,2,2,-7,5,-3,7,-5
520256,,,,,,,,,,,,,,,,,,,,,,,,,,,,,,,,,,,,,,2,3,0,-2,1,-3,0,-2,4,-0,-1,1,-3,2,3,-0,-2,2,1,-3,2,-0,3,-4,-2
520301,,0,0,-0,0,0,6,1,1,1,-0,0,-8,0,0,0,1,0,0,0,0,-0,0,0,-3,1,0,1,1,1,-0,1,0,0,1,0,-5,1,0,1,0,0,0,-0,1,0,0,0,-3,0,1,1,0,0,0,0,0,0,0,1,-4,1
520303,,0,0,-0,0,0,5,-0,1,0,-0,0,-6,0,0,0,1,0,0,0,0,0,0,0,-3,0,0,1,1,0,0,1,0,0,1,0,-5,0,0,1,0,0,0,0,1,0,0,0,-4,0,1,1,1,0,1,0,0,1,0,0,-5,1
520311,,1,0,-0,0,0,4,0,-0,0,-0,0,-5,0,0,0,1,0,0,0,0,-0,0,0,-3,0,0,1,1,0,0,1,0,-0,1,0,-5,1,1,1,0,0,1,0,0,0,1,1,-5,0,1,1,0,0,0,0,-0,-0,1,0,-3,0
520313,,0,0,-0,0,0,4,-1,-0,1,-0,-0,-3,-0,0,0,0,-0,0,0,0,-0,0,0,-1,1,1,0,0,1,0,0,0,0,1,0,-4,1,0,1,0,0,0,-0,0,0,0,0,-3,0,0,1,0,0,0,0,0,0,0,0,-4,0
520318,,0,0,-1,1,0,0,0,0,0,0,0,8,0,0,0,0,0,0,0,0,0,0,0,4,0,0,3,0,0,-2,0,0,4,0,0,-4,0,0,0,0,0,0,0,0,0,0,0,0,0,0,0,0,0,0,0,0,0,0,0,0,0
520324,,-0,0,0,0,0,0,0,0,0,1,0,-4,0,0,0,1,1,0,0,0,0,0,0,-4,0,0,1,1,1,1,0,1,2,1,1,-7,1,1,1,1,0,2,1,1,0,1,0,-8,1,0,0,1,1,1,0,1,1,1,0,-6,1
520325,,-0,0,0,0,0,-0,0,0,1,0,0,-1,0,0,1,1,1,0,0,1,-0,-0,0,-4,0,1,0,0,1,1,0,1,2,1,1,-8,0,0,1,1,1,1,1,0,1,0,1,-6,0,0,1,1,1,1,0,0,0,0,1,-5,1
520326,,1,0,-0,0,0,9,-5,-2,1,-0,0,-2,0,-0,0,0,-0,1,0,1,0,0,0,-2,1,1,1,0,0,1,2,1,0,0,0,-7,1,0,0,1,0,1,1,-0,0,1,1,-4,-0,1,1,1,0,0,1,0,0,0,1,-3,1
520328,,0,0,0,0,0,-0,0,0,0,0,0,1,0,0,0,0,0,-0,0,0,-0,0,0,3,0,0,0,0,0,0,0,0,0,0,0,4,0,0,0,0,0,-0,0,0,0,0,0,1,0,0,2,0,0,0,0,0,0,0,0,-0,0
520331,,-0,0,-0,0,0,4,-1,1,1,-0,-0,-4,0,0,0,1,-0,-0,-0,0,0,-0,1,-1,-0,1,0,1,-0,0,0,1,1,1,2,-6,1,-0,1,-0,1,0,1,-0,0,0,1,-4,1,1,-0,1,0,0,0,1,-0,0,0,-6,1
520332,,0,0,-0,0,0,-0,1,0,1,1,0,-1,0,0,0,0,1,0,0,0,0,0,0,-2,1,0,0,0,1,0,0,0,0,0,0,-4,0,0,0,0,0,0,0,0,0,1,0,-3,0,0,0,0,1,0,0,0,0,-0,0,-2,0
520333,,8,0,0,0,0,0,0,0,0,0,0,-8,0,0,0,0,0,0,0,0,0,0,0,-0,0,-0,-0,0,0,0,0,0,1,0,-0,-0,0,0,0,0,0,0,0,0,-1,1,0,1,0,0,0,0,0,0,2,2,0,0,0,-4,0
520334,,,,,,,,,,,,,,,,,,,,,,,,,,,,,,,,,,,,,,,,,,,,,,,,,,,,,,,,,,,,,,0
520335,,,,,,,,,,,,,,,,,,,,,,,,,,,,,,,,,,,,,,,,,,,,,,,,,,,,,,,,,,,,,,0
610110,,0,0,0,0,0,0,0,0,0,0,0,0,0,0,0,0,0,0,0,0,-0,0,0,-0,0,0,0,0,0,0,0,0,0,0,0,-0,0,0,1,0,0,0,0,0,1,0,0,-1,0,0,0,0,0,0,0,0,2,0,0,-2,0
610112,,0,0,0,0,0,0,0,0,0,-0,0,-1,2,0,1,0,1,0,0,0,-0,-0,-0,-4,0,0,1,1,0,0,0,0,-0,-0,-0,-1,0,0,-0,0,-1,0,0,-0,0,0,-0,-0,-1,-0,2,-1,0,-0,0,0,0,1,0,-2,0
610113,,0,0,1,0,0,1,0,0,1,-0,1,-4,0,0,0,-0,0,0,1,0,1,0,1,-3,0,0,2,1,0,0,0,1,1,1,0,-5,0,0,1,0,-0,0,0,0,0,0,0,-2,0,0,1,-1,0,0,-0,0,0,1,1,-2,-0
610114,,,,,,,,,,,,,,0,0,-0,0,0,-0,0,0,0,0,1,-1,0,0,2,1,1,1,-0,0,0,1,0,-7,0,0,1,0,-0,1,0,-1,0,0,0,-3,0,-0,0,-0,0,0,-0,0,0,0,0,0,-1
610115,,,,,,,,,,,,,,,,,,,,,,,,,,,,,,,,,,,,,,-1,-2,1,-0,-1,-1,-1,-1,-2,-0,-3,13,1,-3,-2,4,-3,-0,-2,1,1,-5,1,9,-3
610204,,-1,0,-0,0,1,2,1,2,1,-0,1,-6,0,1,1,2,1,1,0,0,2,1,1,-6,0,0,1,1,1,1,1,0,-0,0,1,-1,1,0,-1,1,1,1,0,0,-1,-1,-1,-1,0,0,0,1,1,0,1,0,0,1,1,-4,0
610207,,0,0,0,0,0,1,0,0,0,0,0,1,0,0,1,0,0,1,0,0,1,0,0,1,0,0,2,0,0,1,0,0,4,0,0,-4,0,0,0,0,0,4,0,0,2,0,0,-1,0,0,1,0,0,0,0,0,3,0,0,-3,0
610221,,1,-1,1,0,-1,-1,2,0,0,0,-1,-2,-1,-1,0,6,1,2,0,0,-0,1,0,-8,1,0,1,0,1,-0,-1,0,0,-0,-1,-0,1,-1,1,-0,-0,1,-1,1,1,-1,2,-1,-1,-1,-0,0,-0,-0,1,0,-0,-0,-1,3,-0
610227,,0,0,0,-0,-0,0,0,0,0,0,-0,-0,0,0,0,-0,0,-0,0,0,0,0,0,-1,0,0,0,1,0,0,0,0,0,0,0,-3,0,0,0,0,0,0,0,0,0,0,0,-2,0,0,0,0,0,-0,0,0,0,0,0,-1,0
610228,,-7,15,-0,-8,3,-11,10,7,0,1,-11,6,-1,2,-11,22,-8,13,-9,-3,0,7,-2,-4,17,3,-17,22,-13,3,-3,9,4,7,-2,-40,24,-19,28,0,-22,26,-21,31,1,-22,31,-26,-13,14,-1,-3,0,-16,18,-21,0,32,0,-19,0
610231,,1,-0,0,0,-0,1,1,1,-1,-1,0,0,0,-0,0,0,1,1,-0,1,1,0,1,-6,1,0,1,1,1,0,1,1,-0,2,1,-8,0,1,1,1,0,1,1,1,1,1,0,-6,0,0,1,1,1,0,1,0,1,0,1,-4,0
610232,,0,-1,-0,0,-1,0,1,0,1,-0,-2,5,0,-0,0,-0,2,0,-1,1,-0,1,0,-1,1,1,1,1,0,-1,2,0,1,0,1,-4,1,0,2,0,0,1,0,1,0,0,1,-4,0,-0,1,1,0,-0,1,-0,1,0,-0,2,0
610235,,0,0,0,-0,-0,-0,0,0,0,-0,0,1,-0,0,0,-0,0,0,-0,1,-0,1,0,-0,0,0,1,1,0,-0,1,1,0,1,-0,-2,-0,1,1,1,1,1,1,1,-0,0,0,-6,-0,0,0,-0,2,0,0,1,1,0,-0,-0,0
610236,,0,0,0,0,0,-2,-0,0,0,-0,-0,0,-0,1,-0,-0,0,-0,0,2,1,0,0,-3,0,0,1,1,2,-0,1,1,1,1,1,-5,0,0,2,0,0,0,0,0,0,0,-0,-2,0,0,-0,-0,1,1,0,0,0,0,1,-1,-0
610237,,0,0,1,1,-1,1,-1,-1,4,0,1,-6,1,-0,-1,0,1,1,1,-7,-1,0,-2,13,2,0,-1,-4,6,2,-9,-0,0,-2,2,6,2,-1,1,1,-0,-0,1,-0,-1,0,0,1,-0,-0,1,0,-0,-1,0,-1,3,1,-1,0,1
610238,,0,0,1,-0,1,-3,-0,1,1,1,-0,-2,0,0,0,0,1,0,-0,0,0,0,-0,-1,-0,-0,1,0,1,0,1,1,1,0,1,-3,1,0,1,1,-0,1,1,1,1,1,0,-4,-0,0,0,1,0,0,1,1,0,2,-0,-4,0
610241,,0,1,-0,0,0,-1,0,-1,1,1,0,-1,0,0,-0,-0,1,1,0,-0,0,-0,2,-3,0,0,1,0,1,1,1,0,1,-0,0,-5,0,0,2,-0,1,1,0,1,-0,1,1,-5,1,0,1,1,1,-0,0,0,0,-0,1,-3,0
610242,,,,,,,,,,,,,,,,,,,,,,,,,,1,-1,-1,1,0,0,-0,0,3,2,-1,-3,1,1,0,2,1,0,0,1,0,2,-0,-7,0,1,-0,0,-0,-0,2,-1,2,-0,1,-5,-1
610303,,-0,1,-1,-2,5,3,-4,0,-1,1,-1,-0,-2,-2,0,5,3,1,0,-2,0,2,-0,-5,2,1,1,2,-0,0,-0,2,3,-0,0,-8,-1,-2,1,1,3,-2,0,0,1,-2,-0,3,1,-2,-1,3,0,-1,1,1,-1,-1,-0,1,-2
610309,,-2,-4,-6,-2,-1,4,1,0,-0,-1,1,14,3,3,1,1,2,2,1,0,4,5,-0,-19,2,12,3,2,7,3,-6,-3,1,2,-5,-20,-2,-2,-2,-5,-6,-0,4,4,3,-2,-5,11,2,2,2,-1,-3,-1,-2,-4,-2,1,2,5,2
610310,,-2,-4,-9,-3,0,5,2,0,-0,-1,1,14,3,3,1,1,2,2,1,0,3,5,0,-20,2,9,1,3,11,3,-8,-5,-2,-0,-5,-10,-1,-1,-1,-1,-1,0,4,3,1,-3,-5,2,2,2,2,1,-2,-1,-1,-4,-2,1,1,3,1
610409,,0,0,2,0,0,0,0,0,0,0,0,-2,0,0,3,0,0,0,0,0,0,0,0,-3,0,0,5,0,0,0,0,0,0,0,0,-5,0,0,10,0,0,0,0,0,0,0,0,-9,0,0,5,0,0,0,0,0,0,0,0,-5,0
610417,,1,3,-2,-1,-0,-4,-0,-2,-1,-4,1,5,-2,1,-1,1,2,-0,3,-0,-2,-2,1,6,-2,1,1,2,2,4,3,3,1,5,2,-18,3,4,3,4,8,6,3,2,1,1,1,-29,1,-0,-1,-3,-1,1,-0,-2,-3,-1,-2,12,-1
620101,,0,0,0,0,0,0,0,0,0,0,0,0,0,3,0,0,0,0,0,0,0,0,0,-3,0,5,0,0,0,0,0,0,0,0,0,-5,0,6,0,0,0,0,0,0,0,0,0,-6,0,2,0,0,0,0,0,0,0,0,0,-2,0
620105,,0,0,0,0,0,0,0,0,0,0,0,-0,0,3,0,0,0,-0,0,0,0,0,0,-2,0,0,0,0,0,6,0,0,0,0,0,-4,0,0,0,0,0,4,0,0,0,0,0,-4,0,0,0,0,0,0,0,0,0,0,0,1,0
620106,,50,-16,44,-39,35,-19,-5,4,-5,-14,28,-35,50,-16,45,-39,35,-20,7,-20,16,15,6,-46,36,2,18,-29,22,26,0,-15,0,-9,17,-55,38,-4,6,-19,24,15,2,-6,10,-33,13,-42,28,-13,25,2,-15,18,-12,-0,15,-9,1,-37,35
620203,,13,-8,-0,0,0,25,38,-7,-14,-0,21,-41,0,0,0,-10,-4,3,-13,-3,-0,4,23,-18,7,-0,14,-12,8,3,5,-3,-5,2,54,-70,16,-2,-3,-1,6,1,2,1,2,-3,26,-50,4,-4,-4,4,15,-3,10,-5,-5,1,12,-27,9
620205,,0,0,1,0,0,0,0,0,-0,0,0,-1,0,0,1,0,0,0,0,0,-0,0,0,-1,0,0,3,0,0,0,0,0,0,0,0,-8,0,0,0,0,0,4,0,0,0,0,0,-5,0,0,1,0,0,1,0,0,1,0,0,1,0
620302,,0,0,3,0,0,0,0,0,0,0,0,-3,0,0,0,0,0,0,0,0,0,0,0,0,0,0,1,0,0,6,0,0,1,0,0,-6,0,0,1,0,0,5,0,0,1,0,0,-5,0,0,0,0,0,4,0,0,-0,0,0,-4,0
620303,,-0,1,0,1,1,0,1,1,1,1,1,-7,1,0,-0,0,0,1,1,1,0,1,1,-6,1,-0,0,1,0,1,0,-0,1,0,0,-3,1,-0,0,1,1,1,0,1,0,0,0,-5,0,-1,-0,0,-0,-1,0,1,0,0,0,-0,-0
620304,,2,1,2,-3,0,0,-3,1,-2,0,3,-6,6,1,-2,-0,2,1,-0,5,2,2,2,-16,-1,1,2,-0,0,1,0,-1,2,-1,-1,-7,4,2,1,3,-2,-1,3,1,-0,-4,4,-14,2,0,-3,4,-0,-1,-2,2,0,-4,3,-3,3
620307,,-2,-1,-2,-3,3,1,5,4,4,3,2,-10,-1,1,-2,2,4,4,9,4,6,4,4,-27,-1,-0,3,2,4,5,-1,-2,-2,-4,-6,-1,-2,-2,5,4,1,2,-5,-3,-4,-3,-3,10,-3,-1,3,1,3,1,-2,-2,-5,-3,-4,11,-1
620308,,0,1,1,0,1,0,0,1,1,0,0,-5,1,0,0,0,-0,0,-1,1,0,-0,-0,-1,0,1,1,1,1,0,1,1,1,-0,-0,-7,1,1,1,1,0,1,-0,0,1,-0,0,-5,0,1,0,-0,0,0,-0,1,-0,0,0,-2,-0
620310,,5,5,15,-6,5,9,-1,-19,-0,-5,23,-40,5,6,16,-5,5,9,11,-23,5,-6,39,-57,7,1,14,3,6,22,13,-25,1,-10,61,-71,6,8,3,20,2,25,-2,-23,-5,-14,57,-65,6,0,7,15,3,13,22,-35,6,-19,16,-33,6
620311,,11,-11,22,-8,10,8,6,-14,-6,-11,17,-27,11,-11,23,-8,10,8,9,-14,-9,-1,4,-15,4,-5,13,-5,5,4,4,-12,-1,-3,4,-5,8,-1,2,-2,10,7,1,-12,-3,-5,2,-3,7,-4,3,5,5,5,6,-17,-6,-3,2,1,6
620313,,0,0,0,0,0,7,0,0,0,0,1,-7,0,0,0,0,0,0,0,0,0,0,0,-1,0,0,1,0,0,0,0,1,0,0,1,-2,1,0,0,1,0,1,0,0,1,0,0,-5,0,0,0,4,0,0,0,0,0,0,0,-3,0
620314,,0,0,0,0,0,2,0,0,0,0,0,3,0,0,0,0,0,0,0,0,1,0,0,7,0,0,0,0,0,6,0,0,1,0,0,2,0,0,0,0,0,-0,0,0,7,0,0,-6,0,0,-0,0,0,0,0,0,2,0,0,-1,0
620315,,0,-0,0,0,-0,1,0,0,-0,-1,-0,-0,0,0,0,-0,1,0,-0,0,-0,0,0,-2,-0,0,1,0,0,1,1,0,0,-0,0,-3,0,-0,1,1,0,1,0,1,0,1,1,-5,0,0,1,1,1,2,0,0,0,-0,0,-4,-0
620317,,1,0,1,1,4,1,-0,2,1,1,1,-10,0,3,2,0,1,3,1,-2,5,0,2,-14,1,1,0,-1,1,-1,1,-1,-1,-1,-1,1,4,1,-0,-1,1,2,-0,-0,2,-1,0,-11,1,0,1,0,1,-2,2,0,1,-2,-1,-0,-1
620318,,3,1,-1,3,-1,2,2,1,-1,0,0,-9,3,3,1,2,2,1,1,2,1,-0,-0,-14,1,1,0,0,1,-1,1,1,0,-0,-1,-2,1,-5,6,-2,1,-5,2,1,-1,-4,4,-3,2,-1,-0,1,0,-1,-2,3,0,-2,-1,1,-1
620319,,-2,3,0,-2,2,-0,5,3,-1,1,1,-9,-0,0,1,-1,1,-3,3,1,0,0,1,-3,1,-0,-3,4,-1,-1,-1,2,1,-2,-0,2,2,0,-1,-1,1,0,-0,-0,1,1,-0,-3,1,-0,-2,1,1,1,0,1,0,-0,-2,2,-3
620320,,1,2,-0,0,0,15,0,-4,-0,-0,-1,-11,0,0,0,1,0,-0,4,2,-0,-0,-3,-9,5,2,5,21,9,7,6,-1,-3,-6,-6,-38,-0,4,6,7,3,3,4,8,1,-5,-7,-29,-4,2,3,6,7,6,7,9,-4,-6,-7,-27,-2
620321,,,,,,,,,,,,,,,,,,,,,,,,,,2,-0,2,1,1,-0,0,-0,2,-1,1,-6,1,-1,2,1,-1,-3,1,0,0,-1,-2,4,0,1,0,-2,0,-1,-0,-2,1,-3,-0,4,4
630122,,2,4,5,-1,1,7,-3,10,-4,1,1,-21,4,-5,0,1,0,-0,-5,3,3,-2,0,-4,2,-3,2,-2,-0,-4,5,1,4,-7,-1,0,1,2,-2,-2,-7,5,5,-8,7,-6,0,13,-4,1,-1,1,-2,-3,5,-2,2,-7,6,-2,0
630127,,0,1,0,-5,-2,-1,-2,-1,-3,-0,1,9,3,4,-1,4,1,0,1,-3,3,-5,-0,-8,-4,-6,-1,1,2,-0,-2,-0,-2,1,-5,22,1,2,-5,0,-1,1,-0,-8,1,-2,3,9,-1,-2,2,-4,-1,-4,2,-2,-1,-8,-0,20,4
630129,,-2,-3,4,-0,1,-3,3,2,3,-2,-1,-2,-2,-2,-3,2,-0,-2,4,-0,3,-4,2,-0,-2,-1,-1,-1,7,-4,-4,-0,1,-5,0,9,-2,2,-2,-6,9,-3,5,-5,0,-0,-3,1,-4,5,-7,5,-4,-6,10,0,-6,-8,8,4,2
630138,,1,-0,-0,2,-1,-1,-1,3,1,-1,-3,2,-0,-0,0,1,4,-2,2,3,-1,2,-1,-8,-0,-1,0,2,-1,0,-1,3,0,1,2,-10,1,-3,3,-6,2,-3,7,-1,1,0,-4,1,1,1,1,1,2,-2,1,-1,2,-2,-1,-3,1
630153,,-4,3,3,1,-1,-1,-1,-1,-0,-0,-2,5,1,1,-4,-3,2,-3,2,-1,-2,3,2,2,-4,7,-8,-1,0,-2,7,2,-8,10,2,-3,-7,11,3,-2,-3,-0,2,-6,-0,2,-3,8,-5,6,-6,-4,2,3,-7,2,-9,8,-7,39,-2
630156,,1,0,-0,3,-5,2,1,1,0,-3,-2,0,2,-2,1,1,-1,-1,3,2,0,-2,-2,1,-2,-0,0,4,-1,-1,-1,-1,2,2,-7,7,-2,6,1,-1,2,-2,-3,6,-2,-4,-5,10,-0,1,-2,-0,-3,1,0,1,0,-2,-3,13,-1
630159,,-2,-1,-3,3,5,0,1,-1,1,-3,1,-1,2,2,-3,1,8,-2,-1,4,-1,-0,-2,-3,-3,0,-5,-4,1,-2,1,2,-3,-2,5,6,1,1,-2,2,-0,-4,4,-3,1,-3,2,0,1,-2,4,-4,3,0,1,-3,4,-7,2,-1,1
630160,,1,0,-2,1,-5,-1,5,-1,-3,-2,1,4,2,-1,-2,7,-5,7,3,-0,-1,-3,-3,-8,-3,-4,-6,-3,-2,4,1,3,-2,3,9,-4,-0,0,2,-2,1,1,-0,1,-0,-4,-0,1,3,-2,-3,-5,3,4,1,-1,-2,-1,0,4,-1
630161,,-4,1,0,7,3,1,0,-4,-1,8,-4,-8,-4,6,2,-3,-0,4,-6,3,2,-10,7,0,-4,6,-18,17,5,-13,12,-3,-12,1,1,18,-3,8,5,-7,-1,-3,13,-1,-4,-9,13,-10,-5,7,-6,7,-3,3,-5,2,1,-1,-7,19,-0
630162,,-1,2,-4,1,2,-2,5,-2,6,-4,-3,8,-2,-1,-1,5,-1,1,1,-0,4,-3,-3,0,3,-0,3,0,3,-4,5,-3,3,0,-3,-4,-2,2,-1,0,-1,-1,5,-1,-2,-2,0,3,-1,0,-3,-3,4,-1,-1,2,3,-6,-4,20,1
630163,,2,-1,-16,18,1,-1,0,-6,-18,27,-14,19,10,0,-3,-5,8,-0,0,-0,-22,27,-20,23,-19,27,-39,63,-33,-3,25,-3,-12,28,-29,104,-6,47,1,0,-0,0,-16,19,-26,29,-42,53,-3,50,-37,57,-1,3,-0,-0,-41,56,-35,91,0
630164,,1,2,-2,2,-1,-1,5,-3,-2,-2,-0,0,0,2,2,2,2,-11,-2,1,3,2,0,2,3,7,-0,-0,3,2,1,-2,-1,0,-3,-5,2,-1,-2,4,0,-4,0,2,1,-3,-1,3,2,-1,3,-1,1,-1,-1,-1,1,-3,0,-1,5
630165,,1,-2,-3,-0,2,2,-5,6,-2,-0,-3,8,2,-3,-1,4,1,1,-6,6,-0,-1,-3,7,1,2,-2,-1,0,1,0,-3,2,1,10,-12,1,-3,-0,-0,-2,-0,-3,2,1,0,1,9,2,1,-1,2,3,-8,7,-5,-7,-1,6,23,-7
630166,,,,,,,,,,,,,,,,,,,,,,,,,,,,,,,,,,,,,,7,-7,2,8,-1,-2,4,-2,1,-3,-8,5,7,2,-1,-6,-5,3,4,-1,6,-8,-0,-0,12
630167,,,,,,,,,,,,,,,,,,,,,,,,,,,,,,,,,,,,,,0,5,-2,3,-5,-2,-1,-1,1,-3,13,-8,1,-9,21,-3,-5,6,-1,-6,4,-0,-4,2,3
630168,,,,,,,,,,,,,,,,,,,,,,,,,,,,,,,,,,,,,,,,,,,,,,,,,,,,,,,,,,,,,,-4
630223,,56,-21,32,-18,14,1,7,-3,2,11,-3,-57,24,11,-25,18,5,-26,42,-7,1,8,-3,-46,22,16,-15,19,-12,-1,11,-15,17,-5,5,-44,24,-8,20,-3,2,-4,8,-14,8,7,-17,-19,16,7,5,-2,-4,-4,4,11,2,-9,8,-37,17
630224,,3,-3,15,-10,2,-3,-17,-2,-5,6,-7,47,-9,-14,21,-3,13,5,-5,19,-10,-1,-6,-15,36,-0,-8,5,-6,-8,8,-3,8,1,-14,-6,-1,-2,-10,4,8,5,3,7,2,-4,-2,-13,7,-7,1,6,-10,0,18,-3,-6,10,-7,-9,2
630225,,20,-18,21,-18,30,-13,14,-2,-7,-0,15,-37,-5,-7,8,2,9,-20,16,13,-16,16,-11,26,-9,-14,21,-12,15,-3,-2,0,-16,17,-1,1,16,0,-4,-4,-4,7,-13,3,13,-0,5,-22,-4,-7,21,1,-13,8,-8,11,-20,13,7,6,-3
630226,,-0,2,2,-3,4,-7,2,-6,1,1,-1,3,5,-0,6,-1,-6,9,3,7,0,1,-1,-29,1,-2,2,1,-0,0,-3,4,-3,2,5,-7,4,-5,0,0,1,-0,0,1,1,-1,-2,3,-0,0,-1,1,-0,2,-0,0,1,0,2,-5,0
630228,,-4,0,-0,2,0,-4,-10,3,4,-7,6,11,-3,-12,7,15,3,0,-10,2,2,-0,-4,6,8,-4,-1,-0,-4,-5,5,3,7,-4,-5,-1,1,-10,-0,6,-1,11,-6,-0,2,6,2,-18,-5,1,10,1,-15,-4,12,4,18,-13,18,-24,-1
630230,,21,-5,4,7,-19,-0,5,13,-7,19,18,-55,28,-4,9,-11,5,0,2,-12,2,-11,29,-34,3,10,2,-5,1,-4,1,6,2,-6,6,-28,8,9,11,-13,-6,7,9,1,3,9,10,-38,-10,9,-4,25,1,2,-2,-2,-9,-8,-5,12,-6
630232,,-6,-6,12,-1,-0,-1,-13,4,-8,-2,14,14,-4,-14,10,-8,11,-11,17,1,-14,11,-2,14,17,-9,4,7,-21,-0,19,-15,6,0,-9,11,4,9,4,12,-3,-24,28,3,-5,1,7,-34,13,-14,10,-5,-9,8,7,2,4,-14,0,5,-3
630233,,3,2,-4,-0,-0,-3,-2,1,-2,-10,0,10,0,5,-3,-1,15,-2,-13,3,12,-13,-3,13,3,5,-5,5,-5,-16,14,3,1,-2,5,-17,-11,1,-3,15,2,7,3,-2,-0,8,-7,-13,0,0,5,-4,-23,16,4,-5,-4,21,12,-25,0
630234,,3,-3,5,0,-1,1,0,4,-2,-1,3,-11,1,-3,-3,2,9,-8,-1,-2,-0,-1,-3,14,5,-8,-4,3,3,-3,2,-2,-4,4,-7,20,0,2,3,-2,3,-7,2,3,5,-0,-1,0,-13,14,-7,-8,6,2,-0,-1,-3,3,-5,23,10
630235,,,,,,,,,,,,,,,,,,,,,,,,,,,,,,,,,,,,,,,,,,,,,,,,,,33,4,-5,-6,8,2,2,-1,5,-7,6,-36,11
630309,,-4,5,1,-5,5,-0,3,-2,-1,-0,-6,12,-0,1,1,-0,-1,0,4,2,-2,-8,-5,16,4,-3,-1,-3,2,4,-4,7,-5,-1,-8,15,2,-0,-1,1,-1,5,-0,-5,-5,6,-7,12,3,2,-6,-1,0,1,-1,-3,-1,1,-0,9,3
630312,,1,-1,5,1,1,-2,-0,-4,1,8,-1,-6,-4,4,-3,-2,-0,-0,1,1,1,-1,4,-1,6,-2,-4,-0,4,-2,3,-0,2,-2,-4,3,1,4,-3,-0,4,-7,1,1,-5,3,0,2,-3,3,-1,1,-3,-0,-2,2,-3,0,-2,9,-0
630313,,-0,-1,-6,2,0,-3,3,1,1,-3,2,6,-2,0,-1,-0,-1,-1,2,3,-4,2,-1,4,5,0,-2,4,-2,2,0,-2,1,1,-8,11,3,2,-1,-0,-1,1,1,-1,-3,2,2,-7,-3,3,-0,-0,1,-1,-3,3,1,1,-1,2,-1
630314,,-3,0,4,4,-5,-2,1,2,-3,2,1,3,-1,-1,0,-2,0,-1,0,1,-1,-1,1,6,-0,-2,-1,0,0,1,-2,2,-0,1,-5,10,3,-4,1,-0,-2,-1,3,-0,-1,0,0,0,-0,-1,-0,1,-0,1,-1,-2,-0,-3,-3,15,3
630317,,3,-2,-7,3,2,-1,0,-1,1,-3,-1,8,12,-4,1,-2,-7,6,-0,4,-4,2,-2,-7,3,3,-0,3,-4,-0,-7,6,1,3,-1,-5,3,-1,1,2,-4,1,-5,4,1,-0,-3,3,-1,4,0,-1,-2,0,2,1,-2,-1,3,-5,-5
630332,,0,2,2,-0,2,4,-6,-0,-0,1,-2,6,-2,-1,1,1,0,1,1,2,0,1,-2,2,-3,-1,-1,0,-1,-0,3,-0,-0,-0,-1,6,1,1,-2,2,-1,-0,-1,-3,0,1,-2,4,-0,-1,-1,1,1,-2,2,-1,-1,0,-2,6,1
630333,,-1,0,8,-4,8,-5,-1,-2,-2,2,-0,-2,6,-3,2,-2,-2,0,-1,2,1,0,-0,-7,0,1,1,1,0,-1,-6,-1,-3,8,-8,21,0,0,0,-1,-1,-0,1,0,2,-2,0,-1,-2,0,0,-0,-5,4,-1,0,-6,5,-7,18,-1
630334,,-24,13,-8,4,-11,33,-11,8,-2,29,-10,-11,-13,2,-17,8,8,-10,18,-19,19,10,18,-36,8,25,-5,-12,-6,8,7,-11,-7,10,-1,-9,-6,-6,7,24,-17,11,-12,7,9,-0,-11,-8,-9,18,-4,-5,0,0,-7,31,5,3,-14,-2,-18
630336,,-4,13,1,-1,-4,-0,-0,0,-4,1,2,-10,-0,0,2,-1,-1,1,-1,0,2,2,-1,-4,1,6,-1,3,4,0,6,-6,-0,5,-9,-7,-0,1,-2,0,-1,1,5,-3,3,-1,2,-6,-2,1,-5,1,-1,-2,-3,-0,5,0,2,1,-1
630340,,-0,-1,1,0,-2,1,-0,2,-1,3,0,-4,0,-2,2,-0,1,0,-0,0,0,1,-2,-1,1,-0,1,-0,1,1,-0,1,1,-0,0,-5,1,2,1,3,1,0,-2,-0,0,1,0,-7,0,-0,-1,1,1,-1,-0,1,0,0,1,-3,0
630341,,-1,3,7,1,-4,3,4,-5,-1,2,-2,-2,-2,-1,2,1,-2,2,3,2,1,-1,-2,-1,8,-3,0,1,1,2,-5,3,-1,1,-0,-3,-4,-1,4,2,-2,4,-0,-5,-3,6,-4,7,-2,1,-0,-0,-3,4,-4,-0,1,-3,3,9,-3
630342,,0,2,0,0,-1,-1,2,0,0,0,1,-1,-1,1,0,0,-2,1,-2,1,-0,0,1,2,0,0,2,-0,1,-0,1,1,1,2,-0,-7,0,-0,1,1,-2,2,-1,1,-0,1,-1,-1,0,-2,0,-0,-1,-2,4,-0,0,-0,-0,2,6
630343,,-2,-1,-1,-2,-1,2,1,1,2,-0,-1,2,-1,0,1,1,0,-0,1,2,-4,-1,2,-6,3,1,1,-0,0,-0,0,-0,-17,1,-1,16,0,2,1,-0,0,0,0,1,-0,6,0,-9,-0,-0,-1,0,-0,1,0,0,-1,-0,-0,0,-1
630345,,1,0,0,-0,-0,1,0,0,1,1,9,-12,2,-0,-0,0,0,0,0,-0,1,3,0,-6,8,-4,4,-0,1,-3,0,-0,-0,-0,3,-8,1,0,3,0,0,-1,-0,1,0,-0,-0,-6,7,-2,-0,-5,-0,1,1,-7,1,0,7,5,-0
630347,,1,-0,5,-1,2,-3,-1,0,-1,-0,-1,2,-2,6,-2,-3,-0,0,1,2,-2,2,-4,4,2,1,-2,3,0,1,2,-0,1,1,-2,-4,2,-2,1,-1,-2,4,-2,-2,2,-0,-1,3,-1,-0,1,-3,2,3,-4,1,-1,-1,-0,13,-1
630348,,0,0,-2,0,0,3,0,0,2,0,0,-4,0,0,1,0,0,1,0,0,1,0,0,-3,0,0,-5,0,0,3,0,0,-4,0,0,5,0,0,9,0,0,-3,0,0,1,0,0,-7,0,0,0,0,0,-1,0,0,-2,0,0,7,0
630357,,1,0,3,-1,-0,0,0,-0,-2,-3,3,1,0,11,0,2,0,1,2,1,-2,4,8,-22,11,0,-0,1,3,1,-1,-0,-1,-0,-1,-10,-0,0,1,-1,-0,2,-0,3,-1,-0,0,-7,0,6,-6,0,5,0,-1,1,-0,1,5,-7,0
630359,,0,0,1,-3,-1,3,1,1,0,-2,2,-3,-1,1,0,4,0,0,0,-1,0,0,0,-4,0,0,-0,1,-0,0,0,0,2,2,1,-6,0,0,0,-0,1,1,-0,0,1,-0,3,-4,1,1,0,0,1,0,0,0,0,-0,3,-5,1
630365,,-3,1,8,-7,-1,-6,7,-1,-3,-1,-1,15,-5,-3,-0,-0,-2,-0,3,0,-2,1,2,6,-2,2,-3,4,-2,-0,-1,2,-5,8,-2,-0,-6,1,2,-0,-0,-3,7,3,-3,0,-1,1,-4,0,3,-1,-2,5,-3,0,-1,0,-1,12,-6
630368,,-3,2,-2,3,-3,1,-1,1,-1,-2,-1,1,3,0,-5,5,-3,3,2,1,0,-1,1,-7,4,3,-1,-0,1,2,1,0,2,2,-2,-11,5,0,-1,2,-1,1,2,-2,-2,1,-2,-4,0,3,-1,0,-1,1,1,-2,-1,-3,0,2,-1
630369,,-1,7,6,-5,-0,11,-4,-1,1,2,0,-12,-1,9,4,10,-3,3,0,1,-0,2,0,-21,4,0,-5,-5,-1,-8,-3,0,-0,2,-3,25,1,16,2,-3,-0,-2,-5,1,-1,0,-1,-5,-1,8,-3,-5,-1,-2,-2,1,1,1,-1,7,-0
630371,,6,-0,-2,2,-2,2,0,-4,2,-1,-3,1,1,-2,-0,-3,2,0,1,0,-4,2,-1,4,0,-2,1,1,-3,1,-2,3,0,-1,1,-5,4,-1,1,-2,3,-8,-0,3,1,3,-6,5,0,-1,-2,4,-6,3,-1,2,5,-0,-5,7,2
630372,,-21,15,-22,6,-6,7,-1,-18,74,-17,40,-22,-12,8,-30,39,-15,13,-8,10,-10,45,-17,1,-16,1,25,-24,-21,46,-12,-8,31,-10,0,21,-5,22,-8,2,-3,-11,1,24,3,-23,7,17,-4,-9,-27,56,-36,26,13,-14,20,20,-17,11,-9
630373,,-0,-0,6,-2,5,-3,-5,1,-0,11,1,-10,-7,-10,0,3,-1,0,0,-1,-1,-2,2,20,7,-7,-1,-0,0,2,1,-4,2,2,-4,10,-1,0,-2,1,-0,-1,1,1,0,-3,-0,7,-0,-0,-1,-1,0,-1,1,-0,-0,-0,-1,9,-1
630374,,4,-2,2,-1,1,-1,-3,0,1,3,-2,11,-7,0,1,2,-2,1,4,3,0,0,-1,3,4,-5,-2,1,-3,4,3,-5,-1,3,-3,6,1,-4,0,0,-0,-0,-1,-0,-0,1,-4,13,-2,2,0,-0,-1,-2,-1,4,-1,0,-1,5,-0
630376,,-3,0,12,-4,-5,4,0,1,-1,-1,5,-3,-3,0,-2,-1,0,-1,2,5,-3,0,-1,7,5,-4,1,2,0,-2,2,-1,-1,3,-3,4,1,1,-1,-3,4,-1,-5,4,1,1,-4,7,-2,-1,2,-0,1,-0,-2,0,2,-0,-3,6,0
630377,,-0,1,-7,0,-2,-2,-0,5,0,-1,-9,31,9,-2,-7,-3,-8,-9,19,2,-14,-0,3,38,10,-13,-2,-2,2,3,2,-3,-3,0,-5,20,-1,4,-0,-4,4,-4,-0,-2,-2,5,-8,22,3,-1,3,-1,-7,-6,0,6,-10,-5,1,38,-4
630378,,2,-4,2,-0,0,0,-4,1,-4,-0,-7,19,-15,2,-2,-1,4,-2,3,-3,0,3,2,11,-2,0,1,0,-3,-1,-3,-0,-0,5,0,3,6,1,1,-1,-2,1,2,4,-1,-1,1,-8,0,0,0,6,-9,5,-3,4,-1,3,-1,0,-7
630379,,-8,14,-20,-17,-10,57,-17,4,9,24,-7,10,-19,30,-42,9,-4,-11,41,-16,-1,14,36,-26,11,12,-15,-2,-9,-25,6,16,-19,22,-1,28,6,8,1,-26,11,-30,-5,42,-1,4,-12,34,-10,39,9,-46,43,-30,-10,21,31,14,-0,-4,-37
630380,,2,-8,-6,9,35,6,-27,-13,4,43,-4,-10,-16,24,-39,-0,-2,-6,27,-7,15,11,6,-10,13,9,-14,-1,-11,-8,6,30,-5,2,-13,7,3,17,-2,-3,-9,16,-2,-5,-10,-1,-10,14,-5,21,-13,2,-5,-8,5,3,3,4,-9,44,-4
630381,,,,,,,,,,,,,,1,-5,1,13,-7,0,1,-2,2,1,4,-8,6,1,0,-3,2,-1,5,3,-1,-2,3,-14,1,-0,5,0,3,1,-1,0,-1,-3,-1,-7,1,1,2,-0,0,-2,2,-1,0,-1,1,-7,-0
630382,,,,,,,,,,,,,,,,,,,,,,,,,,1,-1,2,-2,-1,-2,0,2,1,1,0,-1,-0,-1,4,-2,-3,-1,3,2,1,0,1,-4,-0,-1,0,0,0,-1,-0,-1,1,-1,3,-3,0
630383,,,,,,,,,,,,,,,,,,,,,,,,,,,,,,,,,,,,,,0,1,-1,-6,-6,12,-1,0,2,-1,-1,2,-3,0,-0,-1,0,-0,0,-1,-1,-1,5,0,-2
630384,,,,,,,,,,,,,,,,,,,,,,,,,,,,,,,,,,,,,,,,,,,,,,,,,,-2,2,3,-1,0,8,-5,2,1,-7,0,-0,-1
630385,,,,,,,,,,,,,,,,,,,,,,,,,,,,,,,,,,,,,,,,,,,,,,,,,,-1,1,-1,4,-2,1,-8,9,-1,2,-1,-3,-7
630386,,,,,,,,,,,,,,,,,,,,,,,,,,,,,,,,,,,,,,,,,,,,,,,,,,-1,2,1,-1,-3,-3,2,3,-2,-2,-1,9,1
630387,,,,,,,,,,,,,,,,,,,,,,,,,,,,,,,,,,,,,,,,,,,,,,,,,,,,,,,,,,,,,,6
630407,,1,0,0,-0,1,1,1,0,0,0,0,-3,0,0,0,0,1,0,0,0,0,0,0,-1,0,2,0,0,5,1,0,0,0,0,-0,-7,2,0,0,1,4,1,0,0,0,0,1,-8,0,0,0,1,0,5,0,1,2,0,0,-6,0
630408,,4,1,0,0,0,2,1,0,0,0,0,-5,0,0,3,0,2,0,0,0,0,0,0,-4,1,2,1,1,4,2,3,0,0,0,0,-11,2,0,2,2,2,2,0,0,0,0,2,-9,0,0,2,1,0,2,0,1,0,0,0,-3,0
630412,,-0,0,0,-0,0,0,0,0,0,0,0,-0,1,0,0,-0,0,-0,0,0,0,-0,0,-1,5,2,1,-0,0,-0,1,1,-0,-1,2,-7,1,-2,2,2,-2,1,-1,1,-3,4,-1,-5,-0,0,0,3,-2,2,7,-0,3,2,-0,-17,4
630425,,5,1,-14,-1,5,12,-9,8,-4,6,-8,-16,11,15,-4,-7,5,2,3,2,-0,-3,-5,-14,6,-6,-8,-1,4,1,-5,11,2,0,18,-29,1,1,13,5,-5,-1,-2,7,3,-5,6,-31,1,7,5,1,7,0,-4,-1,5,-2,-6,-18,4
630426,,-0,1,-22,14,-6,4,11,6,-2,-11,0,9,-4,-3,-0,11,7,-4,2,2,-7,3,0,-3,6,-4,-4,7,2,1,-9,1,3,1,-6,7,2,2,11,6,-5,1,2,3,3,-4,-8,-4,7,8,2,-3,-8,-4,-7,9,2,-1,0,-4,-3
630434,,0,0,-7,-2,3,0,5,1,-0,-8,2,7,0,-0,-0,7,0,0,0,0,1,-0,-0,-7,1,-0,0,0,0,0,0,0,0,1,0,-2,1,-0,1,1,1,1,1,-1,3,0,0,-9,1,-0,0,-0,2,-0,-1,-0,0,0,0,-2,0
630435,,-1,-13,6,5,-5,4,7,-4,-5,-2,-7,14,2,-4,0,16,4,8,-7,5,-7,6,2,-25,5,4,-4,4,-8,5,-0,6,7,-7,0,-9,-3,-1,2,0,-2,13,3,-2,6,-6,1,-17,19,-11,-8,12,11,4,2,-1,3,2,-1,-33,16
630436,,6,0,0,0,0,0,0,0,0,0,0,-5,4,0,2,-2,2,0,2,0,0,-0,1,-5,-0,0,3,0,3,2,2,2,4,-1,-0,-7,0,1,-0,4,0,3,0,1,-1,-0,1,-5,0,0,1,2,1,2,0,2,1,-1,1,-5,0
630437,,2,2,-10,-3,3,8,4,1,-2,-8,0,3,3,-5,-1,9,-1,0,2,-2,0,7,-6,-7,0,0,-4,4,-2,1,-1,1,1,3,1,-4,-0,0,0,0,-4,1,-1,0,2,2,3,-2,-1,0,4,-2,2,0,1,-2,-4,0,1,2,-0
630438,,23,7,-25,-3,6,0,-3,18,-14,-19,3,31,29,-14,2,-22,18,8,12,7,-10,-11,11,-23,34,-20,-5,-14,27,-14,-0,16,32,-4,-33,54,4,-11,-14,20,-7,-16,24,22,-34,27,-18,30,-17,34,19,-23,15,-3,8,10,-18,-16,32,-33,35
630439,,-2,1,-13,-7,13,-13,24,-1,1,-15,2,17,2,-4,4,9,-3,-1,3,-1,3,0,3,-16,1,0,0,-0,2,-2,1,1,-0,-0,-0,-3,0,-2,4,5,0,2,-0,-0,0,0,-0,-8,-2,3,2,-1,-0,-0,0,4,-3,5,-3,-3,1
630440,,0,0,-6,-5,5,3,4,1,-0,-5,0,4,3,-1,-0,5,2,1,1,0,0,-1,1,-7,2,1,-4,5,-1,-0,-2,6,-6,9,-3,-11,-0,0,1,-0,1,0,6,-3,3,2,-0,-11,0,-3,1,2,-1,0,4,-2,-0,2,-3,-3,-0
630505,,-4,0,-1,-1,-3,2,2,1,1,0,2,-0,2,1,-0,1,-1,1,0,3,1,-1,3,-7,1,0,1,4,1,-0,-0,-1,5,1,-0,-11,1,-0,-8,7,-6,6,-3,-2,3,1,1,1,0,-2,0,2,-2,-0,-4,0,0,5,-1,1,-2
630507,,-0,0,1,-1,3,-0,-5,0,-1,0,7,-7,3,2,-1,-2,-0,-0,1,-3,-1,2,-1,-2,1,2,0,-1,3,-5,2,-2,-0,2,2,-4,0,-1,1,1,1,-2,2,-0,0,-1,0,-1,-1,1,-1,2,0,2,-2,1,-0,-0,2,-6,2
630510,,-1,1,5,-2,-4,0,4,-1,-2,-4,2,6,2,0,-1,4,1,2,1,-1,5,1,1,-13,2,1,-0,1,2,-0,2,1,1,1,3,-10,1,0,1,1,-1,-0,1,-3,2,4,-0,-6,1,-2,-0,-0,1,-0,1,0,2,0,1,-3,-0
630518,,0,-1,-3,-2,-2,7,-0,1,-1,-4,4,0,1,1,-1,-0,1,-0,-0,2,-1,1,3,-5,4,-1,0,-0,2,2,-1,2,1,-1,0,-7,3,1,-0,0,0,-1,-0,-0,-0,1,-1,-3,2,0,0,-0,1,-2,1,0,0,0,1,-4,1
630519,,-1,0,5,1,1,-15,-2,9,4,4,0,-2,0,1,-1,-2,0,4,-0,-3,-2,3,9,-5,1,0,-2,2,-1,-4,2,3,-0,2,0,-4,0,1,-1,5,0,0,-3,-2,-1,-13,8,7,2,-1,-0,2,1,0,-3,-1,4,-2,1,-4,-1
630520,,-0,5,2,-0,-1,1,-1,-2,1,-1,3,-6,1,6,-1,0,-2,0,0,-1,0,1,4,-9,2,6,-1,2,-1,3,-3,5,1,1,0,-14,1,3,-1,-2,-2,-2,-2,5,-0,-2,1,0,2,-2,-1,-1,1,-2,0,-1,3,-1,1,1,1
630524,,0,1,-1,-3,2,1,-0,1,0,0,6,-10,4,-2,-2,2,-1,4,-2,3,4,0,8,-21,2,0,-5,1,1,0,1,1,6,2,3,-13,7,-4,-3,1,0,1,1,-3,-2,0,4,-6,3,1,-3,1,0,-0,0,-1,2,-1,5,-9,1
630525,,-0,2,-6,9,-2,3,-2,0,1,1,1,-5,1,-0,-4,5,-4,-1,2,4,-2,3,3,-5,4,1,-1,-0,2,-1,1,2,2,2,1,-6,2,-0,-2,-1,2,0,-0,1,0,0,1,-3,-0,-1,-1,-0,-1,0,1,0,-0,-0,1,-0,2
630526,,1,-1,-17,15,4,-4,-10,3,1,-1,3,10,-0,3,0,-0,1,-4,-2,3,0,1,4,-10,2,3,1,1,2,-10,-2,11,1,1,0,-10,-3,-2,1,1,-0,-1,-3,8,-0,-2,1,5,8,1,0,0,0,-2,-2,-0,3,-1,1,-3,-1
640124,,0,0,2,0,0,0,0,0,0,0,0,-2,0,0,1,0,0,0,0,0,0,0,0,-1,0,0,0,0,0,0,0,0,0,0,0,0,0,0,0,0,0,0,0,0,0,0,0,0,0,0,7,0,0,0,0,0,0,0,0,-6,0
640125,,0,0,0,0,0,-1,0,0,0,0,0,1,0,0,0,0,0,0,0,0,0,0,0,0,0,0,0,0,0,-2,0,0,0,0,0,2,0,0,0,0,0,0,0,0,-8,0,0,9,0,0,0,0,0,-7,0,0,0,0,0,8,0
640128,,,,,,,,,,,,,,,,,,,,,,,,,,,,,,,,,,,,,,,,,,,,,,,,,,,,,,,,,,,,,,5
640211,,0,0,1,-0,0,3,0,0,0,-3,3,-6,-0,0,1,0,0,0,0,0,0,0,0,-1,0,0,6,0,0,0,0,0,0,0,0,-6,0,0,5,0,0,0,0,0,0,0,0,-5,0,0,8,0,0,0,0,0,0,0,0,-8,0
640212,,4,-3,-0,0,0,0,-0,0,-0,-0,0,-1,0,0,0,1,0,3,3,7,-1,1,-5,-2,1,-0,3,-2,5,-3,-2,3,1,-3,-2,-1,3,1,1,2,-1,3,-9,12,4,-8,6,-10,3,2,2,-2,-2,5,2,0,-4,-0,-3,-4,4
640217,,0,0,14,-0,0,7,-6,0,4,-7,8,-30,-0,0,15,0,0,5,2,0,-2,0,0,-22,0,0,17,0,0,-1,7,0,-8,0,0,-11,0,0,14,0,0,-3,-2,0,-6,0,0,-3,0,0,7,0,0,1,0,0,-4,0,0,-8,0
640219,,-0,0,-2,0,1,1,2,0,0,-2,3,-4,-0,1,-1,0,0,2,0,0,-0,-0,0,0,1,0,0,0,1,0,0,0,0,0,0,-4,0,1,0,1,2,1,1,0,-0,0,0,-7,0,1,1,1,1,1,0,0,0,0,0,-6,0
640221,,0,0,-0,-0,0,0,0,0,0,-1,0,0,-0,0,1,0,1,0,1,0,0,0,0,-3,0,0,0,0,0,0,3,0,0,0,0,-3,0,0,0,0,0,0,3,0,0,0,0,-3,0,0,0,0,0,0,5,0,0,0,0,-5,0
640222,,0,0,-0,0,-1,-0,0,0,1,-0,0,-1,0,0,0,0,2,0,0,-0,0,-0,0,-4,0,0,-0,1,0,0,0,0,0,0,1,-3,0,0,0,1,1,1,1,1,0,0,0,-5,0,1,1,2,1,1,0,0,-0,0,0,-5,1
640224,,-0,1,-0,0,0,0,-0,2,0,-0,1,-2,0,0,0,1,0,1,-1,-0,0,0,0,-2,0,0,0,0,1,0,0,0,0,0,0,-2,0,0,0,0,0,-0,0,-0,0,1,1,-2,0,0,1,1,0,-0,0,0,1,1,1,-5,0
640226,,-0,-0,-0,0,0,0,2,-1,0,-0,-0,-1,0,0,0,2,0,0,0,0,1,0,0,-5,0,0,0,0,0,0,1,1,0,1,0,-4,0,-1,0,1,1,0,0,-0,-0,0,-0,-2,1,0,0,1,1,1,0,1,0,1,0,-5,0
640228,,0,0,-5,5,0,0,0,1,0,0,0,-1,0,0,0,0,0,0,0,4,0,0,0,-4,0,0,0,0,0,0,0,3,0,0,0,-3,0,0,0,0,0,0,0,6,0,0,0,-5,0,0,0,0,0,0,0,7,0,0,0,-6,0
640229,,0,0,29,-0,4,2,0,0,-7,-2,2,-37,-0,0,30,0,0,-0,0,0,-8,0,0,-28,0,0,32,0,0,4,0,0,-8,0,0,-35,0,0,40,0,0,6,0,0,-10,0,0,-40,0,0,39,0,0,7,0,0,-4,0,0,-46,0
640230,,0,1,-0,0,0,0,-0,0,-0,-0,2,-3,0,0,0,1,0,3,2,1,1,0,1,-9,0,0,0,0,1,-0,-0,-0,-0,-0,-0,-1,-0,2,1,-0,0,-0,0,-0,-0,0,0,-2,0,1,1,1,0,1,1,0,0,0,0,-5,0
640234,,0,0,-0,0,0,0,-1,0,-8,-0,0,9,0,0,0,1,0,3,0,0,2,0,0,-5,0,0,1,0,0,3,0,0,0,0,0,-1,0,0,-1,0,0,3,0,0,-1,0,0,-3,0,0,-0,0,0,-1,0,0,3,0,0,-2,0
640236,,5,0,-0,0,0,0,-0,0,-0,-0,0,-5,0,0,0,1,0,-0,13,4,-8,10,-2,-15,-1,1,0,-1,4,-0,-4,2,3,-0,3,-17,1,6,-5,11,9,-4,-4,-5,6,-6,6,-13,4,-4,6,6,8,-9,-2,6,-7,4,1,-12,-7
640238,,0,0,10,-0,0,10,0,0,-2,-9,10,-27,-0,0,11,0,0,4,0,0,-6,0,0,-17,0,0,16,0,0,3,0,0,-3,0,0,-22,0,0,20,0,0,2,0,0,-4,0,0,-21,0,0,18,0,0,1,0,0,-4,0,0,-18,0
640240,,0,0,0,0,0,0,-0,0,0,0,0,-1,0,0,1,0,0,0,0,0,0,0,0,-1,0,0,1,0,0,0,-0,0,0,0,0,-3,0,0,0,0,0,0,0,0,1,0,0,-3,0,1,0,0,-0,0,0,0,1,0,0,-3,0
640241,,0,0,0,0,0,0,0,0,0,0,0,0,0,0,0,0,0,0,0,0,1,0,0,-1,0,0,0,0,0,-0,0,0,0,0,0,1,0,0,3,0,0,0,0,0,5,0,0,-8,0,0,4,0,0,0,0,0,0,0,0,-4,0
640242,,0,0,2,0,0,1,0,0,1,0,0,-3,0,0,-1,0,0,-0,0,0,0,0,0,2,0,0,-0,0,0,5,0,0,6,0,0,-14,0,0,-1,0,0,-3,0,0,4,0,0,2,0,0,-2,0,0,2,0,0,-2,0,0,1,0
640243,,0,0,-0,0,0,0,0,4,-1,-0,0,-4,0,0,0,1,0,1,0,0,0,0,0,-4,1,0,1,1,1,0,1,1,1,1,0,-6,1,0,0,0,1,0,0,0,0,0,0,-3,1,0,1,0,0,0,0,1,0,0,0,-3,1
640244,,,,,,,,,,,,,,,,,,,,,,,,,,0,0,0,1,2,1,0,1,-0,1,1,-5,0,0,1,1,-0,0,0,0,1,0,0,-4,1,1,1,3,1,1,1,1,-0,0,0,-8,1
640303,,0,0,-0,0,0,5,0,0,3,-0,0,-7,0,0,0,1,0,-0,0,0,-0,0,0,-2,0,0,1,0,0,7,0,0,1,0,0,-5,0,0,-1,0,0,-1,0,0,1,0,0,7,0,0,-3,0,0,8,0,0,1,0,0,-4,0
640304,,2,0,-0,0,0,6,-0,-1,-3,-0,0,-4,0,0,0,1,0,-0,2,1,1,-1,0,-4,1,0,3,1,0,1,11,2,0,-0,0,-15,1,1,-3,1,1,3,1,1,2,2,0,-9,0,0,0,-0,-0,-2,1,-0,-1,-0,-0,1,-1
640305,,0,-1,-0,0,0,1,-2,-0,0,-0,0,1,0,0,0,1,0,-0,-1,2,1,0,0,-4,-1,0,-0,1,1,2,2,-0,0,0,0,-3,0,0,4,0,0,1,2,2,1,0,1,-10,0,0,1,0,1,1,2,2,0,-0,-0,-7,1
640306,,-0,0,-0,0,0,3,0,-0,0,-0,0,-3,0,0,0,1,0,-0,-3,1,1,0,0,-2,-1,-0,0,-0,1,1,2,1,0,0,0,-4,1,1,2,1,1,2,2,2,1,1,1,-13,1,0,0,0,1,0,2,1,0,0,0,-5,0
640307,,-1,0,-0,0,0,0,-0,0,-0,-0,0,1,0,0,0,1,0,-0,-2,0,-1,-1,1,1,0,0,-0,-1,-1,0,1,-1,2,-1,-1,-0,0,0,0,1,1,1,1,1,1,1,1,-6,0,0,1,-0,-0,-1,0,-1,0,-0,0,-0,0
640308,,0,0,-0,0,0,1,-2,-1,-2,-0,0,4,0,0,0,1,0,-0,-4,0,0,-1,1,3,1,1,4,2,5,1,2,4,3,4,3,-26,1,1,3,3,1,1,1,0,1,-0,0,-13,0,0,0,0,-1,-0,0,-2,0,1,-2,3,-0
640309,,0,0,-0,0,0,0,-0,0,-0,-0,0,-0,0,0,0,1,0,-0,-4,-1,-0,-0,0,3,0,0,0,0,0,0,1,1,1,1,0,-5,0,0,1,0,1,1,1,1,1,0,0,-6,0,0,1,1,1,1,2,2,1,1,0,-10,1
640403,,0,0,-0,0,0,0,-2,-3,-1,-0,-0,6,0,0,0,1,0,0,11,3,1,0,3,-17,2,-1,1,1,1,1,2,1,0,0,0,-8,2,2,2,2,1,2,2,1,1,1,1,-14,-0,1,-0,0,0,0,-0,0,0,-0,-0,0,-0
640404,,0,0,-0,0,0,1,1,-0,0,-0,1,-3,0,0,0,2,1,-1,1,1,0,0,1,-5,1,1,-0,1,3,2,3,2,1,0,0,-14,-0,0,1,0,-1,-0,-1,0,-0,0,0,0,-0,-0,-0,-0,-0,-0,-1,-1,-1,-1,-1,6,-0
640405,,0,-0,-0,0,0,2,-0,-0,-0,-0,-0,-1,0,0,0,1,0,-2,1,1,0,1,1,-3,1,1,1,1,3,3,3,2,1,0,1,-14,1,0,1,1,0,1,1,0,0,1,0,-6,1,1,0,0,0,1,2,0,1,0,-0,-5,-0
640406,,5,-1,4,8,-3,-6,1,-6,-7,20,-25,39,5,-1,5,8,-3,5,14,-8,-0,3,-7,-23,7,8,3,3,5,3,-2,4,1,-7,3,-30,4,9,-2,5,2,8,-10,9,-9,-2,3,-25,7,11,3,6,9,-6,-10,8,-3,-1,-2,-27,4
640408,,,,,,,,,,,,,,,,,,,,,,,,,,,,,,,,,,,,,,,,,,,,,,,,,,,,,,,,,,,,,,1
CP0111101,,,,,,,,,,,,,,,,,,,,,,,,,,,,,,,,,,,,,,,,,,,,,,,,,,,,,,,,,,,,,,-0
CP0111201,,,,,,,,,,,,,,,,,,,,,,,,,,,,,,,,,,,,,,,,,,,,,,,,,,,,,,,,,,,,,,1
CP0111301,,,,,,,,,,,,,,,,,,,,,,,,,,,,,,,,,,,,,,,,,,,,,,,,,,,,,,,,,,,,,,0
CP0111302,,,,,,,,,,,,,,,,,,,,,,,,,,,,,,,,,,,,,,,,,,,,,,,,,,,,,,,,,,,,,,0
CP0111303,,,,,,,,,,,,,,,,,,,,,,,,,,,,,,,,,,,,,,,,,,,,,,,,,,,,,,,,,,,,,,1
CP0111304,,,,,,,,,,,,,,,,,,,,,,,,,,,,,,,,,,,,,,,,,,,,,,,,,,,,,,,,,,,,,,-3
CP0111305,,,,,,,,,,,,,,,,,,,,,,,,,,,,,,,,,,,,,,,,,,,,,,,,,,,,,,,,,,,,,,-0
CP0111308,,,,,,,,,,,,,,,,,,,,,,,,,,,,,,,,,,,,,,,,,,,,,,,,,,,,,,,,,,,,,,-2
CP0111309,,,,,,,,,,,,,,,,,,,,,,,,,,,,,,,,,,,,,,,,,,,,,,,,,,,,,,,,,,,,,,2
CP0111310,,,,,,,,,,,,,,,,,,,,,,,,,,,,,,,,,,,,,,,,,,,,,,,,,,,,,,,,,,,,,,0
CP0111311,,,,,,,,,,,,,,,,,,,,,,,,,,,,,,,,,,,,,,,,,,,,,,,,,,,,,,,,,,,,,,2
CP0111401,,,,,,,,,,,,,,,,,,,,,,,,,,,,,,,,,,,,,,,,,,,,,,,,,,,,,,,,,,,,,,0
CP0111402,,,,,,,,,,,,,,,,,,,,,,,,,,,,,,,,,,,,,,,,,,,,,,,,,,,,,,,,,,,,,,2
CP0111404,,,,,,,,,,,,,,,,,,,,,,,,,,,,,,,,,,,,,,,,,,,,,,,,,,,,,,,,,,,,,,-4
CP0111501,,,,,,,,,,,,,,,,,,,,,,,,,,,,,,,,,,,,,,,,,,,,,,,,,,,,,,,,,,,,,,1
CP0111502,,,,,,,,,,,,,,,,,,,,,,,,,,,,,,,,,,,,,,,,,,,,,,,,,,,,,,,,,,,,,,6
CP0111503,,,,,,,,,,,,,,,,,,,,,,,,,,,,,,,,,,,,,,,,,,,,,,,,,,,,,,,,,,,,,,-1
CP0112201,,,,,,,,,,,,,,,,,,,,,,,,,,,,,,,,,,,,,,,,,,,,,,,,,,,,,,,,,,,,,,3
CP0112202,,,,,,,,,,,,,,,,,,,,,,,,,,,,,,,,,,,,,,,,,,,,,,,,,,,,,,,,,,,,,,-0
CP0112203,,,,,,,,,,,,,,,,,,,,,,,,,,,,,,,,,,,,,,,,,,,,,,,,,,,,,,,,,,,,,,-1
CP0112204,,,,,,,,,,,,,,,,,,,,,,,,,,,,,,,,,,,,,,,,,,,,,,,,,,,,,,,,,,,,,,1
CP0112301,,,,,,,,,,,,,,,,,,,,,,,,,,,,,,,,,,,,,,,,,,,,,,,,,,,,,,,,,,,,,,0
CP0112302,,,,,,,,,,,,,,,,,,,,,,,,,,,,,,,,,,,,,,,,,,,,,,,,,,,,,,,,,,,,,,-1
CP0112303,,,,,,,,,,,,,,,,,,,,,,,,,,,,,,,,,,,,,,,,,,,,,,,,,,,,,,,,,,,,,,-1
CP0112401,,,,,,,,,,,,,,,,,,,,,,,,,,,,,,,,,,,,,,,,,,,,,,,,,,,,,,,,,,,,,,-2
CP0112501,,,,,,,,,,,,,,,,,,,,,,,,,,,,,,,,,,,,,,,,,,,,,,,,,,,,,,,,,,,,,,-2
CP0112502,,,,,,,,,,,,,,,,,,,,,,,,,,,,,,,,,,,,,,,,,,,,,,,,,,,,,,,,,,,,,,-2
CP0112503,,,,,,,,,,,,,,,,,,,,,,,,,,,,,,,,,,,,,,,,,,,,,,,,,,,,,,,,,,,,,,-1
CP0112504,,,,,,,,,,,,,,,,,,,,,,,,,,,,,,,,,,,,,,,,,,,,,,,,,,,,,,,,,,,,,,1
CP0112599,,,,,,,,,,,,,,,,,,,,,,,,,,,,,,,,,,,,,,,,,,,,,,,,,,,,,,,,,,,,,,0
CP0113101,,,,,,,,,,,,,,,,,,,,,,,,,,,,,,,,,,,,,,,,,,,,,,,,,,,,,,,,,,,,,,3
CP0113102,,,,,,,,,,,,,,,,,,,,,,,,,,,,,,,,,,,,,,,,,,,,,,,,,,,,,,,,,,,,,,1
CP0113201,,,,,,,,,,,,,,,,,,,,,,,,,,,,,,,,,,,,,,,,,,,,,,,,,,,,,,,,,,,,,,-0
CP0113301,,,,,,,,,,,,,,,,,,,,,,,,,,,,,,,,,,,,,,,,,,,,,,,,,,,,,,,,,,,,,,2
CP0113302,,,,,,,,,,,,,,,,,,,,,,,,,,,,,,,,,,,,,,,,,,,,,,,,,,,,,,,,,,,,,,-1
CP0113402,,,,,,,,,,,,,,,,,,,,,,,,,,,,,,,,,,,,,,,,,,,,,,,,,,,,,,,,,,,,,,-3
CP0114101,,,,,,,,,,,,,,,,,,,,,,,,,,,,,,,,,,,,,,,,,,,,,,,,,,,,,,,,,,,,,,0
CP0114201,,,,,,,,,,,,,,,,,,,,,,,,,,,,,,,,,,,,,,,,,,,,,,,,,,,,,,,,,,,,,,0
CP0114298,,,,,,,,,,,,,,,,,,,,,,,,,,,,,,,,,,,,,,,,,,,,,,,,,,,,,,,,,,,,,,0
CP0114301,,,,,,,,,,,,,,,,,,,,,,,,,,,,,,,,,,,,,,,,,,,,,,,,,,,,,,,,,,,,,,3
CP0114401,,,,,,,,,,,,,,,,,,,,,,,,,,,,,,,,,,,,,,,,,,,,,,,,,,,,,,,,,,,,,,3
CP0114501,,,,,,,,,,,,,,,,,,,,,,,,,,,,,,,,,,,,,,,,,,,,,,,,,,,,,,,,,,,,,,-2
CP0114599,,,,,,,,,,,,,,,,,,,,,,,,,,,,,,,,,,,,,,,,,,,,,,,,,,,,,,,,,,,,,,-0
CP0114601,,,,,,,,,,,,,,,,,,,,,,,,,,,,,,,,,,,,,,,,,,,,,,,,,,,,,,,,,,,,,,-0
CP0114701,,,,,,,,,,,,,,,,,,,,,,,,,,,,,,,,,,,,,,,,,,,,,,,,,,,,,,,,,,,,,,-5
CP0114702,,,,,,,,,,,,,,,,,,,,,,,,,,,,,,,,,,,,,,,,,,,,,,,,,,,,,,,,,,,,,,-3
CP0114801,,,,,,,,,,,,,,,,,,,,,,,,,,,,,,,,,,,,,,,,,,,,,,,,,,,,,,,,,,,,,,0
CP0115101,,,,,,,,,,,,,,,,,,,,,,,,,,,,,,,,,,,,,,,,,,,,,,,,,,,,,,,,,,,,,,-2
CP0115201,,,,,,,,,,,,,,,,,,,,,,,,,,,,,,,,,,,,,,,,,,,,,,,,,,,,,,,,,,,,,,2
CP0115301,,,,,,,,,,,,,,,,,,,,,,,,,,,,,,,,,,,,,,,,,,,,,,,,,,,,,,,,,,,,,,0
CP0116101,,,,,,,,,,,,,,,,,,,,,,,,,,,,,,,,,,,,,,,,,,,,,,,,,,,,,,,,,,,,,,0
CP0116199,,,,,,,,,,,,,,,,,,,,,,,,,,,,,,,,,,,,,,,,,,,,,,,,,,,,,,,,,,,,,,1
CP0116201,,,,,,,,,,,,,,,,,,,,,,,,,,,,,,,,,,,,,,,,,,,,,,,,,,,,,,,,,,,,,,-1
CP0116299,,,,,,,,,,,,,,,,,,,,,,,,,,,,,,,,,,,,,,,,,,,,,,,,,,,,,,,,,,,,,,-1
CP0116301,,,,,,,,,,,,,,,,,,,,,,,,,,,,,,,,,,,,,,,,,,,,,,,,,,,,,,,,,,,,,,1
CP0116399,,,,,,,,,,,,,,,,,,,,,,,,,,,,,,,,,,,,,,,,,,,,,,,,,,,,,,,,,,,,,,-1
CP0116401,,,,,,,,,,,,,,,,,,,,,,,,,,,,,,,,,,,,,,,,,,,,,,,,,,,,,,,,,,,,,,2
CP0116501,,,,,,,,,,,,,,,,,,,,,,,,,,,,,,,,,,,,,,,,,,,,,,,,,,,,,,,,,,,,,,-2
CP0116601,,,,,,,,,,,,,,,,,,,,,,,,,,,,,,,,,,,,,,,,,,,,,,,,,,,,,,,,,,,,,,-2
CP0116701,,,,,,,,,,,,,,,,,,,,,,,,,,,,,,,,,,,,,,,,,,,,,,,,,,,,,,,,,,,,,,-0
CP0116901,,,,,,,,,,,,,,,,,,,,,,,,,,,,,,,,,,,,,,,,,,,,,,,,,,,,,,,,,,,,,,-2
CP0116902,,,,,,,,,,,,,,,,,,,,,,,,,,,,,,,,,,,,,,,,,,,,,,,,,,,,,,,,,,,,,,0
CP0116999,,,,,,,,,,,,,,,,,,,,,,,,,,,,,,,,,,,,,,,,,,,,,,,,,,,,,,,,,,,,,,1
CP0117101,,,,,,,,,,,,,,,,,,,,,,,,,,,,,,,,,,,,,,,,,,,,,,,,,,,,,,,,,,,,,,0
CP0117199,,,,,,,,,,,,,,,,,,,,,,,,,,,,,,,,,,,,,,,,,,,,,,,,,,,,,,,,,,,,,,0
CP0117201,,,,,,,,,,,,,,,,,,,,,,,,,,,,,,,,,,,,,,,,,,,,,,,,,,,,,,,,,,,,,,0
CP0117202,,,,,,,,,,,,,,,,,,,,,,,,,,,,,,,,,,,,,,,,,,,,,,,,,,,,,,,,,,,,,,0
CP0117203,,,,,,,,,,,,,,,,,,,,,,,,,,,,,,,,,,,,,,,,,,,,,,,,,,,,,,,,,,,,,,-1
CP0117301,,,,,,,,,,,,,,,,,,,,,,,,,,,,,,,,,,,,,,,,,,,,,,,,,,,,,,,,,,,,,,-3
CP0117401,,,,,,,,,,,,,,,,,,,,,,,,,,,,,,,,,,,,,,,,,,,,,,,,,,,,,,,,,,,,,,-0
CP0117402,,,,,,,,,,,,,,,,,,,,,,,,,,,,,,,,,,,,,,,,,,,,,,,,,,,,,,,,,,,,,,0
CP0117403,,,,,,,,,,,,,,,,,,,,,,,,,,,,,,,,,,,,,,,,,,,,,,,,,,,,,,,,,,,,,,-0
CP0117404,,,,,,,,,,,,,,,,,,,,,,,,,,,,,,,,,,,,,,,,,,,,,,,,,,,,,,,,,,,,,,0
CP0117501,,,,,,,,,,,,,,,,,,,,,,,,,,,,,,,,,,,,,,,,,,,,,,,,,,,,,,,,,,,,,,1
CP0117502,,,,,,,,,,,,,,,,,,,,,,,,,,,,,,,,,,,,,,,,,,,,,,,,,,,,,,,,,,,,,,-0
CP0117801,,,,,,,,,,,,,,,,,,,,,,,,,,,,,,,,,,,,,,,,,,,,,,,,,,,,,,,,,,,,,,-1
CP0117901,,,,,,,,,,,,,,,,,,,,,,,,,,,,,,,,,,,,,,,,,,,,,,,,,,,,,,,,,,,,,,1
CP0117902,,,,,,,,,,,,,,,,,,,,,,,,,,,,,,,,,,,,,,,,,,,,,,,,,,,,,,,,,,,,,,3
CP0117903,,,,,,,,,,,,,,,,,,,,,,,,,,,,,,,,,,,,,,,,,,,,,,,,,,,,,,,,,,,,,,-1
CP0117904,,,,,,,,,,,,,,,,,,,,,,,,,,,,,,,,,,,,,,,,,,,,,,,,,,,,,,,,,,,,,,1
CP0117905,,,,,,,,,,,,,,,,,,,,,,,,,,,,,,,,,,,,,,,,,,,,,,,,,,,,,,,,,,,,,,-7
CP0117906,,,,,,,,,,,,,,,,,,,,,,,,,,,,,,,,,,,,,,,,,,,,,,,,,,,,,,,,,,,,,,2
CP0117998,,,,,,,,,,,,,,,,,,,,,,,,,,,,,,,,,,,,,,,,,,,,,,,,,,,,,,,,,,,,,,0
CP0118101,,,,,,,,,,,,,,,,,,,,,,,,,,,,,,,,,,,,,,,,,,,,,,,,,,,,,,,,,,,,,,3
CP0118301,,,,,,,,,,,,,,,,,,,,,,,,,,,,,,,,,,,,,,,,,,,,,,,,,,,,,,,,,,,,,,0
CP0118302,,,,,,,,,,,,,,,,,,,,,,,,,,,,,,,,,,,,,,,,,,,,,,,,,,,,,,,,,,,,,,-5
CP0118401,,,,,,,,,,,,,,,,,,,,,,,,,,,,,,,,,,,,,,,,,,,,,,,,,,,,,,,,,,,,,,4
CP0118501,,,,,,,,,,,,,,,,,,,,,,,,,,,,,,,,,,,,,,,,,,,,,,,,,,,,,,,,,,,,,,5
CP0118502,,,,,,,,,,,,,,,,,,,,,,,,,,,,,,,,,,,,,,,,,,,,,,,,,,,,,,,,,,,,,,-3
CP0118503,,,,,,,,,,,,,,,,,,,,,,,,,,,,,,,,,,,,,,,,,,,,,,,,,,,,,,,,,,,,,,-2
CP0118601,,,,,,,,,,,,,,,,,,,,,,,,,,,,,,,,,,,,,,,,,,,,,,,,,,,,,,,,,,,,,,-2
CP0118602,,,,,,,,,,,,,,,,,,,,,,,,,,,,,,,,,,,,,,,,,,,,,,,,,,,,,,,,,,,,,,2
CP0118901,,,,,,,,,,,,,,,,,,,,,,,,,,,,,,,,,,,,,,,,,,,,,,,,,,,,,,,,,,,,,,-0
CP0118902,,,,,,,,,,,,,,,,,,,,,,,,,,,,,,,,,,,,,,,,,,,,,,,,,,,,,,,,,,,,,,0
CP0119101,,,,,,,,,,,,,,,,,,,,,,,,,,,,,,,,,,,,,,,,,,,,,,,,,,,,,,,,,,,,,,0
CP0119103,,,,,,,,,,,,,,,,,,,,,,,,,,,,,,,,,,,,,,,,,,,,,,,,,,,,,,,,,,,,,,1
CP0119104,,,,,,,,,,,,,,,,,,,,,,,,,,,,,,,,,,,,,,,,,,,,,,,,,,,,,,,,,,,,,,3
CP0119105,,,,,,,,,,,,,,,,,,,,,,,,,,,,,,,,,,,,,,,,,,,,,,,,,,,,,,,,,,,,,,-1
CP0119106,,,,,,,,,,,,,,,,,,,,,,,,,,,,,,,,,,,,,,,,,,,,,,,,,,,,,,,,,,,,,,1
CP0119107,,,,,,,,,,,,,,,,,,,,,,,,,,,,,,,,,,,,,,,,,,,,,,,,,,,,,,,,,,,,,,-1
CP0119202,,,,,,,,,,,,,,,,,,,,,,,,,,,,,,,,,,,,,,,,,,,,,,,,,,,,,,,,,,,,,,-1
CP0119302,,,,,,,,,,,,,,,,,,,,,,,,,,,,,,,,,,,,,,,,,,,,,,,,,,,,,,,,,,,,,,-4
CP0119304,,,,,,,,,,,,,,,,,,,,,,,,,,,,,,,,,,,,,,,,,,,,,,,,,,,,,,,,,,,,,,3
CP0119401,,,,,,,,,,,,,,,,,,,,,,,,,,,,,,,,,,,,,,,,,,,,,,,,,,,,,,,,,,,,,,0
CP0119402,,,,,,,,,,,,,,,,,,,,,,,,,,,,,,,,,,,,,,,,,,,,,,,,,,,,,,,,,,,,,,1
CP0121001,,,,,,,,,,,,,,,,,,,,,,,,,,,,,,,,,,,,,,,,,,,,,,,,,,,,,,,,,,,,,,2
CP0121002,,,,,,,,,,,,,,,,,,,,,,,,,,,,,,,,,,,,,,,,,,,,,,,,,,,,,,,,,,,,,,5
CP0121003,,,,,,,,,,,,,,,,,,,,,,,,,,,,,,,,,,,,,,,,,,,,,,,,,,,,,,,,,,,,,,-5
CP0122001,,,,,,,,,,,,,,,,,,,,,,,,,,,,,,,,,,,,,,,,,,,,,,,,,,,,,,,,,,,,,,-1
CP0123001,,,,,,,,,,,,,,,,,,,,,,,,,,,,,,,,,,,,,,,,,,,,,,,,,,,,,,,,,,,,,,-0
CP0123002,,,,,,,,,,,,,,,,,,,,,,,,,,,,,,,,,,,,,,,,,,,,,,,,,,,,,,,,,,,,,,-0
CP0124001,,,,,,,,,,,,,,,,,,,,,,,,,,,,,,,,,,,,,,,,,,,,,,,,,,,,,,,,,,,,,,-4
CP0125001,,,,,,,,,,,,,,,,,,,,,,,,,,,,,,,,,,,,,,,,,,,,,,,,,,,,,,,,,,,,,,2
CP0126001,,,,,,,,,,,,,,,,,,,,,,,,,,,,,,,,,,,,,,,,,,,,,,,,,,,,,,,,,,,,,,0
CP0126099,,,,,,,,,,,,,,,,,,,,,,,,,,,,,,,,,,,,,,,,,,,,,,,,,,,,,,,,,,,,,,0
CP0129001,,,,,,,,,,,,,,,,,,,,,,,,,,,,,,,,,,,,,,,,,,,,,,,,,,,,,,,,,,,,,,11
CP0129002,,,,,,,,,,,,,,,,,,,,,,,,,,,,,,,,,,,,,,,,,,,,,,,,,,,,,,,,,,,,,,1
CP0211001,,,,,,,,,,,,,,,,,,,,,,,,,,,,,,,,,,,,,,,,,,,,,,,,,,,,,,,,,,,,,,0
CP0211002,,,,,,,,,,,,,,,,,,,,,,,,,,,,,,,,,,,,,,,,,,,,,,,,,,,,,,,,,,,,,,0
CP0211003,,,,,,,,,,,,,,,,,,,,,,,,,,,,,,,,,,,,,,,,,,,,,,,,,,,,,,,,,,,,,,-0
CP0211004,,,,,,,,,,,,,,,,,,,,,,,,,,,,,,,,,,,,,,,,,,,,,,,,,,,,,,,,,,,,,,1
CP0211005,,,,,,,,,,,,,,,,,,,,,,,,,,,,,,,,,,,,,,,,,,,,,,,,,,,,,,,,,,,,,,-2
CP0211006,,,,,,,,,,,,,,,,,,,,,,,,,,,,,,,,,,,,,,,,,,,,,,,,,,,,,,,,,,,,,,2
CP0211007,,,,,,,,,,,,,,,,,,,,,,,,,,,,,,,,,,,,,,,,,,,,,,,,,,,,,,,,,,,,,,1
CP0212101,,,,,,,,,,,,,,,,,,,,,,,,,,,,,,,,,,,,,,,,,,,,,,,,,,,,,,,,,,,,,,0
CP0212102,,,,,,,,,,,,,,,,,,,,,,,,,,,,,,,,,,,,,,,,,,,,,,,,,,,,,,,,,,,,,,1
CP0212103,,,,,,,,,,,,,,,,,,,,,,,,,,,,,,,,,,,,,,,,,,,,,,,,,,,,,,,,,,,,,,-1
CP0212104,,,,,,,,,,,,,,,,,,,,,,,,,,,,,,,,,,,,,,,,,,,,,,,,,,,,,,,,,,,,,,1
CP0212105,,,,,,,,,,,,,,,,,,,,,,,,,,,,,,,,,,,,,,,,,,,,,,,,,,,,,,,,,,,,,,1
CP0212201,,,,,,,,,,,,,,,,,,,,,,,,,,,,,,,,,,,,,,,,,,,,,,,,,,,,,,,,,,,,,,-1
CP0212202,,,,,,,,,,,,,,,,,,,,,,,,,,,,,,,,,,,,,,,,,,,,,,,,,,,,,,,,,,,,,,1
CP0213001,,,,,,,,,,,,,,,,,,,,,,,,,,,,,,,,,,,,,,,,,,,,,,,,,,,,,,,,,,,,,,3
CP0213002,,,,,,,,,,,,,,,,,,,,,,,,,,,,,,,,,,,,,,,,,,,,,,,,,,,,,,,,,,,,,,1
CP0213003,,,,,,,,,,,,,,,,,,,,,,,,,,,,,,,,,,,,,,,,,,,,,,,,,,,,,,,,,,,,,,2
CP0213004,,,,,,,,,,,,,,,,,,,,,,,,,,,,,,,,,,,,,,,,,,,,,,,,,,,,,,,,,,,,,,-1
CP0230101,,,,,,,,,,,,,,,,,,,,,,,,,,,,,,,,,,,,,,,,,,,,,,,,,,,,,,,,,,,,,,1
CP0230201,,,,,,,,,,,,,,,,,,,,,,,,,,,,,,,,,,,,,,,,,,,,,,,,,,,,,,,,,,,,,,1
CP0230901,,,,,,,,,,,,,,,,,,,,,,,,,,,,,,,,,,,,,,,,,,,,,,,,,,,,,,,,,,,,,,1
CP0230902,,,,,,,,,,,,,,,,,,,,,,,,,,,,,,,,,,,,,,,,,,,,,,,,,,,,,,,,,,,,,,-0
CP0230903,,,,,,,,,,,,,,,,,,,,,,,,,,,,,,,,,,,,,,,,,,,,,,,,,,,,,,,,,,,,,,0
CP0711201,,,,,,,,,,,,,,,,,,,,,,,,,,,,,,,,,,,,,,,,,,,,,,,,,,,,,,,,,,,,,,0
CP0711202,,,,,,,,,,,,,,,,,,,,,,,,,,,,,,,,,,,,,,,,,,,,,,,,,,,,,,,,,,,,,,0
CP0731101,,,,,,,,,,,,,,,,,,,,,,,,,,,,,,,,,,,,,,,,,,,,,,,,,,,,,,,,,,,,,,-0
CP0731102,,,,,,,,,,,,,,,,,,,,,,,,,,,,,,,,,,,,,,,,,,,,,,,,,,,,,,,,,,,,,,0
CP0731103,,,,,,,,,,,,,,,,,,,,,,,,,,,,,,,,,,,,,,,,,,,,,,,,,,,,,,,,,,,,,,-0
CP0731104,,,,,,,,,,,,,,,,,,,,,,,,,,,,,,,,,,,,,,,,,,,,,,,,,,,,,,,,,,,,,,0
CP0731105,,,,,,,,,,,,,,,,,,,,,,,,,,,,,,,,,,,,,,,,,,,,,,,,,,,,,,,,,,,,,,-0
CP0731106,,,,,,,,,,,,,,,,,,,,,,,,,,,,,,,,,,,,,,,,,,,,,,,,,,,,,,,,,,,,,,0
